combination,accuracy_original,accuracy_normalized,pls_x
Combination_1,0.17545288282431085,0.9216427429654478,0.23240399432079673
Combination_2,0.18295025051765082,1.4064080258634686,-1.3231625873912876
Combination_3,0.1543767519133106,-0.44109908608245296,-0.7466434170608313
Combination_4,0.15063686169362467,-0.6829131486319102,0.8012062796338199
Combination_5,0.1687777093052613,0.4900389439107569,-1.430196925052561
Combination_6,0.15797350293222256,-0.20854012719006038,0.9995839300972017
Combination_7,0.15823915743343497,-0.19136342135132134,0.15101580948259602
Combination_8,0.17541162184279294,0.9189748877666227,-1.1850884199236127
Combination_9,0.14457030828270545,-1.0751647495601417,0.04867938613608791
Combination_10,0.1657464288047492,0.2940422141946283,-0.3239962301066019
Combination_11,0.18719369152899978,1.6807807079122594,0.31766488692710904
Combination_12,0.14796464697078973,-0.8556933801830525,0.3579200328920189
Combination_13,0.17797688902870282,1.0848400985913873,-1.8607944510649943
Combination_14,0.13218192183635946,-1.8761738378095634,1.922989294764743
Combination_15,0.15903675694772332,-0.13979218061748633,0.27788977176740537
Combination_16,0.14333022594116349,-1.1553460734197734,0.4164086967786085
Combination_17,0.14204273869328982,-1.2385925067643053,0.5758535559877788
Combination_18,0.13955324595171642,-1.3995582886897981,-0.5371368817744744
Combination_19,0.18083055031077008,1.2693523134485196,-0.31399102091409714
Combination_20,0.15176825727253146,-0.6097593004665698,-0.32485861672746114
Combination_21,0.16234179276078117,0.07390503771799835,-0.4473864995728053
Combination_22,0.15267940979723857,-0.5508459418760271,1.0159992468286845
Combination_23,0.16470731349768847,0.22685502978610123,1.3154012955629022
Combination_24,0.16572045140287178,0.29236256567195346,-0.6200430295356782
Combination_25,0.13207041130075295,-1.8833838931983926,-0.7933545612877538
Combination_26,0.14904876494395752,-0.7855964104926956,0.875234567281768
Combination_27,0.13534331357120166,-1.6717643675292653,1.017590506722101
Combination_28,0.15891462567467726,-0.1476889523313052,-0.009090810589883924
Combination_29,0.18768197812344914,1.7123523739656425,0.8694999181674465
Combination_30,0.1426151775250908,-1.201579719931624,-1.5525022310783771
Combination_31,0.1528454595756846,-0.5401094846131601,1.1721079719953729
Combination_32,0.15725973107625332,-0.25469123379657543,-0.41433519657229056
Combination_33,0.1765169053364339,0.9904403790420929,-0.6737800554936789
Combination_34,0.15444113050432307,-0.436936491000921,-1.129516851138215
Combination_35,0.1579382699168311,-0.21081822576708018,-0.3004522449583089
Combination_36,0.16167590000026205,0.030849700746924422,0.5618138701855364
Combination_37,0.1651999875846533,0.25871038261295853,0.34045996298701897
Combination_38,0.1716852038674854,0.6780319144613498,-1.6845094962910467
Combination_39,0.14523251701864748,-1.0323476144873027,-0.6049519193936931
Combination_40,0.15905521420716273,-0.1385987699486168,-2.332143439176068
Combination_41,0.1886311819619095,1.773726056850087,-0.6588997458267707
Combination_42,0.1638157332434687,0.16920717632053528,0.48053066227972807
Combination_43,0.14617725682401567,-0.971262567341868,0.4201365756824176
Combination_44,0.14320007431626994,-1.1637614255595923,-0.7186679046891759
Combination_45,0.15867939077904236,-0.16289878535459906,1.0945792996280372
Combination_46,0.17355655180340115,0.7990296497545885,0.6427446515088979
Combination_47,0.1615264559325219,0.021186936595736155,2.1770989375312535
Combination_48,0.14921920296937416,-0.7745762176747455,0.2141005562405326
Combination_49,0.17917929526786397,1.1625853585981876,0.7725862270561212
Combination_50,0.1696072281989397,0.5436740299317452,0.7702390593959002
Combination_51,0.1710136840435575,0.6346127424621941,-1.4197824333278306
Combination_52,0.14096590467087422,-1.3082185102980817,-1.2091082024393436
Combination_53,0.16536621585339523,0.269458380712867,0.49945643840540654
Combination_54,0.15335450663120104,-0.5071954873318159,-1.9580892797278104
Combination_55,0.18408388334506753,1.4797065301869683,2.129257660244174
Combination_56,0.1421265887205945,-1.233170926301676,0.8825675520355145
Combination_57,0.17922819527822187,1.165747138615449,0.029523378256600563
Combination_58,0.1284840368706209,-2.1152719219455447,-0.3432997904619262
Combination_59,0.16992963087559776,0.5645199629511514,-0.2276992700609955
Combination_60,0.18705488514148266,1.6718057555736456,-1.3500030589496452
Combination_61,0.1759154830621281,0.9515535789183617,1.6315898459364755
Combination_62,0.1840790304087254,1.4793927487165897,0.5456893150469558
Combination_63,0.15990687394539832,-0.08353209977511378,0.3335635803891343
Combination_64,0.15635473521265839,-0.31320651459664234,-0.1656481151304494
Combination_65,0.15588690347547676,-0.3434556091721934,-0.1822022378833698
Combination_66,0.16021420628264996,-0.06366058573107877,1.3698239763907611
Combination_67,0.1689289589099349,0.4998184505852058,-0.9774905836167607
Combination_68,0.15259150237268945,-0.5565298657908491,1.1017388123058507
Combination_69,0.18489764192308855,1.5323225847037387,-0.5780339179394391
Combination_70,0.18668395396768311,1.647822063862438,0.6196148530757444
Combination_71,0.15789066717595931,-0.2138961268504074,-0.29477370657793567
Combination_72,0.16259571035246562,0.09032285770501015,-1.9251038745704285
Combination_73,0.1748838629755839,0.8848510209604373,-0.36634013082869166
Combination_74,0.17467211695268767,0.8711599329825858,0.9155931112074055
Combination_75,0.19043015032781435,1.8900438692467143,0.9951673617817429
Combination_76,0.14579207883919731,-0.996167430276952,1.6024338848335886
Combination_77,0.13230474920739996,-1.8682320577468143,-0.1207737636696476
Combination_78,0.15140540221582433,-0.6332208060789817,-0.4401297338911206
Combination_79,0.1766837351038516,1.001227268882095,-1.9608387536814664
Combination_80,0.15451164521227045,-0.4323771464756481,-1.0741417623205691
Combination_81,0.18388416558224288,1.4667931662230458,-0.8809585913553097
Combination_82,0.14105982674030834,-1.3021456910871412,1.0902177561290183
Combination_83,0.1521901163972034,-0.5824827060297829,0.4094206623885357
Combination_84,0.13491241789078204,-1.6996252481692409,-1.6428102446626276
Combination_85,0.15020322294412275,-0.7109513908091716,-0.7334344512308371
Combination_86,0.18271412602689902,1.3911406733418454,0.6199758749729594
Combination_87,0.15007982729091052,-0.7189299148971593,0.6335911827320302
Combination_88,0.13601549508153254,-1.6283024121680754,-0.15104667286848206
Combination_89,0.19076397319976707,1.9116282099885642,-0.6578226425906655
Combination_90,0.160602721946031,-0.03853991496065204,-0.09789864762296463
Combination_91,0.15740261070455766,-0.24545291359295998,1.2405002196731287
Combination_92,0.16673315995987592,0.3578423407356008,0.4238974918026033
Combination_93,0.18976952597223426,1.8473291771412987,-1.6552815522443427
Combination_94,0.16191278065093703,0.04616594510553191,-0.9348274530081567
Combination_95,0.15745531601560325,-0.2420450901988985,-0.5395436614339234
Combination_96,0.1692142660510574,0.5182658580802313,-1.0886922514272066
Combination_97,0.1457192005060931,-1.0008796022297537,0.21582625351640128
Combination_98,0.16225880443026258,0.06853917290162874,-0.026843256169471807
Combination_99,0.15542376173812736,-0.37340145743671227,-2.2066711205817366
Combination_100,0.17315169522155255,0.7728524068260728,-0.9045616245900444
Combination_101,0.14799653286362183,-0.85363170007192,-0.22814727244796942
Combination_102,0.19785824575554736,2.370330141536282,-0.1592454767161356
Combination_103,0.174125804987582,0.8358364587783964,-0.24435337348563912
Combination_104,0.17539836427802247,0.9181176792903459,2.088656290838345
Combination_105,0.18064393546663926,1.2572861588448965,-0.8353444966399668
Combination_106,0.1519256353842312,-0.5995835363903521,1.4712255424820797
Combination_107,0.16962951236665308,0.545114881082119,0.052090427827208574
Combination_108,0.1505999193176393,-0.6853017711562368,0.44282371191426245
Combination_109,0.17295020977021705,0.7598247475446356,0.6068471338326926
Combination_110,0.16186078959667677,0.04280430417267064,-1.1928373933997745
Combination_111,0.12707689063990854,-2.2062552735045347,0.3285915550284491
Combination_112,0.15820396399400363,-0.19363896102336434,-0.09062694279703404
Combination_113,0.1720498372617901,0.7016084039406113,-0.8536848016273043
Combination_114,0.1514533029516521,-0.6301236372186091,0.5334969858310679
Combination_115,0.1635785354514028,0.15387042621345987,-0.10269196049816576
Combination_116,0.14340069913364756,-1.1507894132039997,-0.4052582066922745
Combination_117,0.1389987871961426,-1.4354085185964622,0.6348736555632613
Combination_118,0.14761101303741003,-0.8785586658098243,-0.6699931890105308
Combination_119,0.17985346729489696,1.2061760169164255,0.21904235143130646
Combination_120,0.15988260538718296,-0.08510125777429331,-1.6535876863552517
Combination_121,0.13292575975117862,-1.8280787180346723,0.2048217869820276
Combination_122,0.1643631568720502,0.20460252853329897,1.2627376262954806
Combination_123,0.16357290146203293,0.15350614336614066,0.3818072353499654
Combination_124,0.13950998464201875,-1.402355481236825,-1.733789575735374
Combination_125,0.14015183127911943,-1.3608549200615143,0.0003222877251727041
Combination_126,0.17213783830601026,0.7072983811221496,-1.274661840410959
Combination_127,0.18894025696942968,1.7937102485805152,-1.618760852854929
Combination_128,0.15980554121822868,-0.09008407777091819,-0.7654410781492558
Combination_129,0.1592679943758782,-0.12484081610381904,-0.43356897626751706
Combination_130,0.16876001046649217,0.4888945712544044,0.5364303977567328
Combination_131,0.14914256107535018,-0.7795317341917465,-0.3906861075465477
Combination_132,0.15897862357389023,-0.14355097204464928,-0.634362536704862
Combination_133,0.18788561639180232,1.725519230228379,1.6838677348418618
Combination_134,0.12958620043758495,-2.0440081590899712,0.2648749347538156
Combination_135,0.16172186690992704,0.0338218321507892,1.0001770714149092
Combination_136,0.18993245895769162,1.857864108602486,0.5583397758013082
Combination_137,0.16415840324763084,0.1913635555062439,2.24152631396559
Combination_138,0.16729832162788277,0.39438460024327193,0.38628557638087335
Combination_139,0.1730650508480404,0.7672501493464987,1.8797926309727166
Combination_140,0.1739433000067901,0.8240360399830793,-1.9592734159570284
Combination_141,0.16625467823334136,0.32690463846296125,0.17711786877409336
Combination_142,0.13682389034760634,-1.576033139020408,-1.679225280993174
Combination_143,0.16271523965529283,0.09805139106093856,0.6284156193916028
Combination_144,0.15648174599478706,-0.3049942432704805,-0.8477427074046082
Combination_145,0.15900634304071606,-0.14175868497440916,0.6726816141003411
Combination_146,0.14979657734605575,-0.7372443080634892,-0.48686077066493066
Combination_147,0.16114105411554788,-0.003732398893276511,-0.4291268339374421
Combination_148,0.17680617564066006,1.0091440369921698,0.026056629347903038
Combination_149,0.16638586274707287,0.33538677519574883,0.8751836597049371
Combination_150,0.15406128264629942,-0.4614967182546289,0.5271325949759529
Combination_151,0.1499916491772304,-0.7246313410472368,-1.188090435713924
Combination_152,0.16438954892836186,0.20630898780907242,-0.9670530038994809
Combination_153,0.1477395281638637,-0.8702491264914668,-0.8939368137605788
Combination_154,0.17338346862616946,0.7878384265403204,2.1818304580413783
Combination_155,0.18007466405569977,1.220478171314156,0.267573391828555
Combination_156,0.17810427271487878,1.0930764811714409,1.1764005991691635
Combination_157,0.17645644336751717,0.9865310251641273,-1.47708238434973
Combination_158,0.18582368293584686,1.5921986041130214,-0.7585839197251364
Combination_159,0.15596430312587722,-0.3384510975946276,1.1461352053303686
Combination_160,0.17029452645357665,0.5881134047192944,0.9525880893459171
Combination_161,0.16277837158341052,0.10213337933277623,0.13308100996738031
Combination_162,0.16381643766881865,0.16925272310015335,0.051188835114871545
Combination_163,0.17720273955149174,1.0347850918642996,0.43744021135022243
Combination_164,0.1577715518454535,-0.22159789355733298,0.5005182335407614
Combination_165,0.1515138908775761,-0.6262061392043601,-1.2840813961927724
Combination_166,0.1736419783058138,0.804553162046221,-0.03149932282072787
Combination_167,0.15072264548051406,-0.6773665350175825,-0.5824298700994399
Combination_168,0.17789174774361988,1.079335027900217,1.646910707540984
Combination_169,0.1877407916149512,1.716155140484822,0.6793676255042203
Combination_170,0.15234118209140793,-0.5727150906502813,0.07304881338724986
Combination_171,0.1555669856510073,-0.3641408764588473,-0.3047425372881327
Combination_172,0.16207674191830088,0.05676736328441587,2.0980923151408044
Combination_173,0.18904807416526204,1.8006814997684986,1.8818066814536238
Combination_174,0.15721752984255863,-0.257419883881168,0.9491888297243898
Combination_175,0.13935371384034792,-1.4124596487899188,-1.4138172538287663
Combination_176,0.1613190545668002,0.007776765741127099,-0.800546553880282
Combination_177,0.1425343173703453,-1.206807981021874,-1.466354737519806
Combination_178,0.1536270845894515,-0.48957112416226833,-0.08165195815202153
Combination_179,0.1641843263611869,0.19303969385114142,-1.1559344029547787
Combination_180,0.15753918892930693,-0.2366220299460095,-0.2551874162810791
Combination_181,0.1525129864986105,-0.5616065502308664,0.46541604201206793
Combination_182,0.16158982042578343,0.025283962079613552,1.2730513288811731
Combination_183,0.15406577967184173,-0.46120594928765474,-1.579480005145499
Combination_184,0.14469760388984415,-1.0669340620001488,0.7178450430205291
Combination_185,0.19033465942473646,1.883869612289054,-0.8417734273527298
Combination_186,0.1803555471410121,1.2386395279238434,1.9372404156117322
Combination_187,0.16767390328697662,0.4186689833319755,-1.441725762201144
Combination_188,0.17245132017188078,0.7275675117834501,-2.2750740372312634
Combination_189,0.15716719447657415,-0.260674471214922,-2.221237559214367
Combination_190,0.16380933086648167,0.1687932110172062,-0.9837842744473341
Combination_191,0.14130001605091766,-1.2866155151815313,-1.0883962339946331
Combination_192,0.16661471094903413,0.3501836569684008,-0.539419856210673
Combination_193,0.14063763593484804,-1.3294437313616914,0.13371929004909466
Combination_194,0.17822654649014352,1.1009824668028882,-1.5614382087696939
Combination_195,0.14903450187845765,-0.7865186326998549,0.9567443471808255
Combination_196,0.15403391014646406,-0.4632665711108659,0.6645249915041255
Combination_197,0.18402309877470852,1.4757763175241827,0.8897608720973205
Combination_198,0.15401097364643646,-0.4647496008060013,0.1676424163760019
Combination_199,0.17405376934045738,0.8311787732699034,1.9018657298800803
Combination_200,0.16329221538971908,0.13535752523558947,1.6020555773786718
Combination_201,0.14728148183442608,-0.899865515543251,0.3909599404021184
Combination_202,0.14828268625484675,-0.8351295756833025,0.105395118215032
Combination_203,0.19358232484421223,2.093857372023556,0.09554023570154724
Combination_204,0.15476898780340775,-0.4157378726535571,0.2404641920085102
Combination_205,0.16664470457777664,0.35212298694622973,1.0467241261024287
Combination_206,0.12593380884339542,-2.2801647298800702,-0.09429449370467191
Combination_207,0.16998438178618117,0.5680600508517977,-0.12253709058495485
Combination_208,0.16183270726368854,0.04098855487874578,0.9939157861350296
Combination_209,0.17053400965996993,0.6035979252930538,-0.4941896040324498
Combination_210,0.19049952865149375,1.8945297373648418,-1.3277099808420112
Combination_211,0.15635640786837685,-0.3130983639155345,1.387632001060011
Combination_212,0.1834296934514689,1.4374078779385158,-0.46993506916326855
Combination_213,0.1783424057951111,1.1084737052009819,-0.7204725823356753
Combination_214,0.17779619223790688,1.073156593861218,-1.19019185757654
Combination_215,0.15900881282850496,-0.14159899327658232,0.7196632185298002
Combination_216,0.13239082652195586,-1.8626664652017322,-0.4952056971556399
Combination_217,0.15718177510418027,-0.25973171605665624,0.3281397629936539
Combination_218,0.1626772499750259,0.09559505186896204,-0.5787723791611115
Combination_219,0.16110370357962103,-0.006147412249371636,0.3228089975135513
Combination_220,0.1661181449781248,0.31807666245895116,0.028055549817859515
Combination_221,0.13564986470134507,-1.6519433648247177,1.6324192733460199
Combination_222,0.1692006967578416,0.517388493846071,0.5131365651288688
Combination_223,0.15935372646836088,-0.11929754494976895,0.19917089453108372
Combination_224,0.16838170233218738,0.46443389955601755,0.3822752310635605
Combination_225,0.15419348783778372,-0.45294858647400366,0.09279266028260075
Combination_226,0.18591161051416147,1.5978838311313095,0.16334606798314166
Combination_227,0.15925796461556055,-0.1254893209920228,-0.9132947386506914
Combination_228,0.15882417750977224,-0.15353715559959913,-1.1946523314000963
Combination_229,0.14212495793591598,-1.233276369682388,0.06786014099237725
Combination_230,0.1343239702742235,-1.737673132037211,-0.835024457269741
Combination_231,0.16737798206745289,0.3995352900724889,-0.2745467343118574
Combination_232,0.1635324735049813,0.1508921499168748,-1.7484899468649733
Combination_233,0.18573740633470645,1.5866201260831303,0.1046936173178604
Combination_234,0.18361424562783923,1.449340664437314,-0.1753364834389739
Combination_235,0.16298574402422822,0.11554167995908067,0.5517513628454032
Combination_236,0.13248640855466512,-1.856486315978501,1.3650075339699783
Combination_237,0.16583722418017435,0.29991286742308054,0.26506920032078596
Combination_238,0.18157581449041563,1.317539652746359,0.6456443848702939
Combination_239,0.15185361397828775,-0.6042403010916358,0.4462571892461392
Combination_240,0.16962328617143835,0.5447123073511643,2.2364597991216466
Combination_241,0.1383789137331796,-1.4754883368640341,-0.08224461561241714
Combination_242,0.15282980093660486,-0.5411219419066752,0.07770856325101994
Combination_243,0.1803331838108969,1.2371935582857985,-0.12197365206163174
Combination_244,0.14438624967922184,-1.0870656225914601,0.609532218242084
Combination_245,0.15748758656689307,-0.23995853881644713,-0.5247869793235503
Combination_246,0.16566681512322073,0.2888945476498769,1.2402287650717296
Combination_247,0.15360669867937773,-0.4908892376479958,-1.184438051789962
Combination_248,0.17149048688130672,0.6654418910356872,-1.0061187817674204
Combination_249,0.17405759783944375,0.8314263166037922,-0.9940117653059598
Combination_250,0.13760863002510593,-1.5252933904414077,0.6361514683882331
Combination_251,0.1559102805941978,-0.34194408992521763,0.28992468839725716
Combination_252,0.1632281830913723,0.13121732076752493,0.45184457657685795
Combination_253,0.18504862259295007,1.5420847025737974,-2.5195305597885467
Combination_254,0.16383106901891875,0.1701987578766999,0.276167464503886
Combination_255,0.16316540340401872,0.12715810770168584,-0.5863698638803472
Combination_256,0.16811943194786727,0.4474760041651256,-2.156682359952482
Combination_257,0.16686833931821024,0.3665827763878525,-0.261866296592515
Combination_258,0.16110050089272776,-0.00635449178466374,-1.0505667444454025
Combination_259,0.141639907187297,-1.2646388122077898,-0.21162830831034124
Combination_260,0.14655787944526946,-0.9466522453973557,0.7438439784801909
Combination_261,0.1598651459076329,-0.08623015392685326,-0.531751010409556
Combination_262,0.1634469752941928,0.1453640011004611,-0.7866995069076872
Combination_263,0.16817291260633024,0.4509339600224068,0.9899022916311224
Combination_264,0.17482684472970147,0.8811643315480863,0.38842585202582436
Combination_265,0.141318183721337,-1.2854408287781613,-0.6349837131015921
Combination_266,0.15336425332641268,-0.5065652848854573,-0.5870430567609671
Combination_267,0.17114876970356177,0.6433471197617913,-0.16620941585764754
Combination_268,0.17930079540738109,1.1704413224396684,-1.6223609030400785
Combination_269,0.13871673541930757,-1.4536454405378492,-0.7954172865979761
Combination_270,0.14237426904620573,-1.217156395865899,1.644057422825585
Combination_271,0.15109526207483434,-0.6532738672778603,0.6926198941592696
Combination_272,0.15516075261752904,-0.39040711808543055,0.22072532980013787
Combination_273,0.16315198000919612,0.12629017697522413,-1.4429347326592292
Combination_274,0.16519767182899692,0.25856065033467085,0.7435018945114293
Combination_275,0.15593047020844872,-0.34063866854743874,0.7575733613139104
Combination_276,0.16670461306695528,0.35599655389566376,-0.7904149592251999
Combination_277,0.17863818313497465,1.127598095480139,0.6027988916758209
Combination_278,0.17943457008765057,1.1790909343271891,1.3814086729270523
Combination_279,0.15254348635719167,-0.559634488411545,-1.675776684940353
Combination_280,0.1776220769681115,1.0618986375395343,0.375337143545337
Combination_281,0.14397859326544166,-1.1134238972332242,0.290456096113005
Combination_282,0.17064499630688273,0.6107741070530045,0.45449517379954024
Combination_283,0.14953871486840406,-0.7539171967412913,0.8610631420981101
Combination_284,0.18122559441640337,1.294895100658307,0.48974830863190977
Combination_285,0.13300352934810505,-1.823050286430818,-0.23292106477661767
Combination_286,0.1774468146987664,1.0505665184471353,-0.9733601485035952
Combination_287,0.1505121808862576,-0.6909747682999633,-0.3001877918380003
Combination_288,0.16414478940940874,0.19048331107819938,-0.6053028931748037
Combination_289,0.1870025653833891,1.6684228612871737,0.5276840700244627
Combination_290,0.17383286882525234,0.8168957735391025,0.990498839544868
Combination_291,0.18983283179415222,1.8514224090496676,0.07512021904198773
Combination_292,0.17453229994461425,0.8621196358749924,0.1471043400608294
Combination_293,0.19417085202792184,2.1319104005495007,0.654100910060998
Combination_294,0.1846949333007974,1.5192158375559188,0.031648335563458085
Combination_295,0.1772013730477182,1.0346967363753534,-0.10534968262562261
Combination_296,0.18051699260803042,1.2490782793220523,1.5615057868155187
Combination_297,0.17677676131712827,1.0072421637679434,0.8695740198277634
Combination_298,0.15621791800512233,-0.32205285040800313,-0.36474992325688504
Combination_299,0.13380663843486792,-1.7711228074052912,0.6942422434459041
Combination_300,0.15353708565146193,-0.4953902812877482,0.7088183453552636
Combination_301,0.16319633193080818,0.12915788637761094,-0.3180454158870415
Combination_302,0.1486316650485989,-0.8125652823742057,-1.236436735288654
Combination_303,0.1663660999642307,0.3341089519106722,-1.0545862858174107
Combination_304,0.16593975489286258,0.30654230484365663,0.449192827944111
Combination_305,0.15298398648663267,-0.5311526026885373,-0.3256665404124073
Combination_306,0.17619513420380306,0.9696352804370488,1.1788176646710575
Combination_307,0.15646476639740664,-0.30609211117082735,0.7461347440442752
Combination_308,0.15017693086293887,-0.7126513858866974,1.854829747099064
Combination_309,0.1537322455808976,-0.4827716180084642,0.6317327482018924
Combination_310,0.13871574396328074,-1.453709546165449,-0.15404567341296405
Combination_311,0.1856343755932974,1.5799583577733383,-0.4958084076074134
Combination_312,0.1378187717927607,-1.5117060305022192,0.9885149048775131
Combination_313,0.13271994363478024,-1.841386389736497,1.1827365240715362
Combination_314,0.15187775238344464,-0.6026795585372884,-0.3242899327028926
Combination_315,0.13973183214767762,-1.3880112509363054,1.0313004944076307
Combination_316,0.18496073621750153,1.5364021396530751,0.9466329240807088
Combination_317,0.15211495323905366,-0.5873426103474452,-0.2806153050116055
Combination_318,0.13375693445151385,-1.7743365707602885,0.37332072676562517
Combination_319,0.17287595075236478,0.7550233031885236,-0.13197185356831342
Combination_320,0.1375745922457097,-1.5274942073725142,0.09013174480719166
Combination_321,0.1729056356683254,0.75694267239543,-1.0021445075840665
Combination_322,0.17546040578458097,0.9221291630148227,0.7309672167258385
Combination_323,0.17752460863680916,1.055596523900457,0.03764577228471322
Combination_324,0.1514349278888265,-0.6313117332135315,-0.5569207332802055
Combination_325,0.17720006682042078,1.0346122782466778,1.7958985731898454
Combination_326,0.14905094364885801,-0.7854555396510032,1.1173123219570873
Combination_327,0.16523515947846784,0.2609845291871243,0.9053134092754729
Combination_328,0.15925834509334008,-0.12546472003526365,-0.10840755440170781
Combination_329,0.15616868942250706,-0.325235875271431,-0.3281357585709903
Combination_330,0.15538586753591935,-0.3758516232022088,-0.521392096634632
Combination_331,0.1835004969909641,1.4419858977525986,-0.8068311193469417
Combination_332,0.16445925353303165,0.2108159526244785,0.057360453793060734
Combination_333,0.19535267857198396,2.208325017305938,0.6579835754514446
Combination_334,0.18357128220397634,1.4465627326117658,-0.5636627992178044
Combination_335,0.18652055926700786,1.6372572787889732,0.03564142295935563
Combination_336,0.14520277337642773,-1.034270780820452,-1.9333905809878522
Combination_337,0.1703788284807292,0.5935642106171803,0.4823162483337664
Combination_338,0.16838467903601506,0.46462636746370867,0.5586022388211161
Combination_339,0.17049489353804057,0.6010687525635631,-0.6490350071477646
Combination_340,0.1558159156694903,-0.3480455433009288,0.0759284259781483
Combination_341,0.1586584931323928,-0.16424998673678223,2.077847105217393
Combination_342,0.1652118487837574,0.2594773047880994,-0.4798701239623028
Combination_343,0.1515491294295709,-0.623927682641285,0.5245947916464836
Combination_344,0.13838258328194203,-1.4752510709439552,0.6046283699460853
Combination_345,0.16619145918399547,0.32281701710114263,-0.1978694826160523
Combination_346,0.1521614680289349,-0.5843350540692926,0.9582327304948943
Combination_347,0.17670632790312935,1.0026880755520229,-0.39548213820349476
Combination_348,0.1645800684067894,0.2186276085083821,0.532027148867174
Combination_349,0.1616864387351225,0.03153111494387701,-1.5324490141020815
Combination_350,0.1739381224938233,0.8237012720164114,2.6590722161379112
Combination_351,0.17122265706519119,0.6481245335459237,0.5269130052602036
Combination_352,0.15377317355411874,-0.4801252944815265,-0.1988486485801233
Combination_353,0.15566489051632015,-0.3578105373756193,1.2299870071631973
Combination_354,0.15586515834174758,-0.34486160742852107,1.4051685849238658
Combination_355,0.17622832341493944,0.97178123058699,-2.035560993366247
Combination_356,0.15861946158114582,-0.1667736912896485,0.15526638097910717
Combination_357,0.20256925136736498,2.6749346456178413,-2.232534387754818
Combination_358,0.1406971761377259,-1.3255939770915992,0.17967223969348511
Combination_359,0.14938060298072747,-0.7641404053518505,-0.8294435475367599
Combination_360,0.16148181014343369,0.018300226291160522,-0.9348525679139394
Combination_361,0.16202695671843353,0.053548348626876116,-1.4023722267809668
Combination_362,0.1463672346766174,-0.9589789671200657,-0.30429007516947204
Combination_363,0.16983188509547906,0.558199910008647,-1.4751465302379683
Combination_364,0.14835010666179083,-0.8307703026714723,-0.19117918305423576
Combination_365,0.13695464066778973,-1.5675790764020023,0.2012876915306172
Combination_366,0.16340178139921638,0.14244185133008613,-0.896441151161397
Combination_367,0.15448682753582885,-0.4339818093964456,1.1161652287644697
Combination_368,0.16773331107021638,0.4225101756045847,0.9474380419294488
Combination_369,0.1741873406859302,0.8398152379230533,2.5656605079153874
Combination_370,0.17588838534651408,0.9498014930779957,1.365677378023462
Combination_371,0.14940765385888233,-0.7623913479309337,0.42992847287495
Combination_372,0.18160373022214382,1.3193446299252887,1.4932575523895546
Combination_373,0.17506411936776925,0.8965060503688967,0.53268552867109
Combination_374,0.18063417097036955,1.2566548054165794,-0.3561051183473356
Combination_375,0.15818445623014754,-0.19490029527442507,1.3015850431574971
Combination_376,0.18339458399066852,1.435137768162199,-2.78546183031428
Combination_377,0.17056159116885122,0.6053812922696359,-2.4286622098404904
Combination_378,0.1563587782877327,-0.3129450971882471,-0.012259554918290783
Combination_379,0.15480000985957437,-0.4137320465491434,-1.526515663346623
Combination_380,0.18157048099748993,1.317194799417469,1.5629068405933664
Combination_381,0.17551213811689378,0.9254740754873527,-1.3936551944973987
Combination_382,0.16643020617291718,0.3382539352782372,-1.3440125161491985
Combination_383,0.1407861751262453,-1.3198394747633253,-0.5902472962836326
Combination_384,0.17848313957572357,1.1175732790464148,1.197860847689868
Combination_385,0.18701748428394543,1.6693874885196276,-0.49929691961264777
Combination_386,0.17259511135017938,0.7368647710452684,-0.9107186959049638
Combination_387,0.16906790441343303,0.5088023978938744,-1.1999836124614323
Combination_388,0.15400683464948656,-0.46501722033720205,1.5739638599946923
Combination_389,0.1733521945142731,0.7858163030003097,-0.007284866517663802
Combination_390,0.15471477041730874,-0.41924346389374995,-0.14137971949033967
Combination_391,0.14698050415461858,-0.9193261497372334,2.220705399130714
Combination_392,0.15780503314129093,-0.2194330577759898,-1.415801371903734
Combination_393,0.16505482166815055,0.24932423543984977,-0.040021865089149254
Combination_394,0.15414649372003203,-0.45598713516445655,1.0817409223793442
Combination_395,0.15216120358579288,-0.5843521524509909,-0.35599162091590225
Combination_396,0.14678713815994476,-0.9318288206672156,0.9243470265812019
Combination_397,0.16077988183187175,-0.02708509965873497,-1.1319708725214364
Combination_398,0.1418876216624913,-1.2486220737260723,0.5873056250089892
Combination_399,0.1485922689219826,-0.8151125596647674,0.4530896703265642
Combination_400,0.15661905947564575,-0.29611581938668147,1.1610461493614286
Combination_401,0.16859187170346315,0.4780230442919096,-1.3376314362007884
Combination_402,0.1671631674623299,0.38564579350750433,0.8562429283394564
Combination_403,0.16121848764388583,0.001274303166151679,-0.11008519958952395
Combination_404,0.16879188305728612,0.4909553912814988,-2.0261394713984413
Combination_405,0.15145140217249067,-0.630246537919976,-1.0582499272775887
Combination_406,0.18199300453830314,1.3445143537158848,1.113483385670758
Combination_407,0.1985911868454236,2.4177206937026186,-0.18340745224322597
Combination_408,0.15652901371010974,-0.30193800429067214,-1.1416317871785562
Combination_409,0.15023328481252202,-0.7090076485872235,-0.5485002156269634
Combination_410,0.15405151274327944,-0.4621284212729531,0.026381113043548926
Combination_411,0.16815535141947227,0.4497984876721855,-1.4896299423455663
Combination_412,0.17559137348404794,0.9305972809569379,-0.18850162667542925
Combination_413,0.14369957894327076,-1.1314644232354267,1.4656473383012925
Combination_414,0.16943037939808073,0.5322393287826033,-0.9159274620540981
Combination_415,0.1931636188727372,2.066784654369133,-0.0005377532855037614
Combination_416,0.15254077355690268,-0.5598098928272449,-1.2001611602080442
Combination_417,0.14434993135432067,-1.0894138951806167,0.5488968457567674
Combination_418,0.14635001071533896,-0.9600926351170606,1.6050104949903563
Combination_419,0.1535015621868943,-0.4976871597462951,-0.04957664429572173
Combination_420,0.15754802978795435,-0.2360503971385267,-0.7257229516655246
Combination_421,0.1278070461737086,-2.159044830002268,0.5125841061278391
Combination_422,0.1628779477443061,0.10857178115336864,0.1758094362779837
Combination_423,0.13609898295732262,-1.6229042477213882,1.5775238486939287
Combination_424,0.15756696196776254,-0.2348262790378834,-0.7983135107637577
Combination_425,0.17950522803157926,1.1836595402137604,-1.0399414868912877
Combination_426,0.1580943556163754,-0.2007260265591989,-1.2454775000755676
Combination_427,0.13539557938105964,-1.6683849614312816,-0.20608459762752152
Combination_428,0.13774012426404886,-1.516791227475964,0.29460860947439615
Combination_429,0.15750079501577083,-0.2391045060787228,-0.08013636707543426
Combination_430,0.1662238419366672,0.32491082320776743,-0.4958115916274813
Combination_431,0.16945025847720224,0.5335246715599962,0.18199239896400377
Combination_432,0.1776473825228107,1.0635348457241147,-1.4107295578815426
Combination_433,0.15537754679288848,-0.37638962634067863,-0.06312172791369092
Combination_434,0.12304616673966244,-2.4668740788917027,2.166338110308974
Combination_435,0.15228130002589982,-0.5765869490963255,-0.21749786343678024
Combination_436,0.18474766827529002,1.5226255789310477,-0.14297073523815623
Combination_437,0.17470392884887428,0.8732168286138521,-0.4327508570245971
Combination_438,0.14748362144306418,-0.886795559716836,0.7659360965431398
Combination_439,0.17827930916809628,1.104393999430126,-1.2512676960196636
Combination_440,0.1680840985993242,0.4451914182407302,1.5841123557505794
Combination_441,0.13881302807978144,-1.4474193434988731,-0.15474901049341222
Combination_442,0.13994550264952285,-1.3741957298746963,0.8283950604788142
Combination_443,0.14842134318239444,-0.8261642871370122,0.6478567682910382
Combination_444,0.14901331309167792,-0.7878886586393145,0.054178498815930565
Combination_445,0.15634593846186481,-0.31377529547567234,-2.4927813096561837
Combination_446,0.1573934692600958,-0.24604398169738195,-0.019481366677731538
Combination_447,0.17651004061708686,0.989996519576691,1.6668626067774723
Combination_448,0.1625290825100358,0.08601483038055849,0.05842557124466835
Combination_449,0.15446824180423732,-0.43518352682599565,1.4068935176625157
Combination_450,0.12941855499913343,-2.0548477886401804,0.6897648617902841
Combination_451,0.131685461885569,-1.9082739772633424,0.5556062571889784
Combination_452,0.1843282536965856,1.495507044104776,-0.9290867931566134
Combination_453,0.14979871066923917,-0.7371063715157808,0.9041069270959587
Combination_454,0.2015216761327391,2.6072004586682693,-1.2281007591130075
Combination_455,0.17343217387547646,0.7909876136850167,-1.9690091883092382
Combination_456,0.14589279637442518,-0.989655229401317,-0.1450031323866524
Combination_457,0.1667134908365858,0.3565705732958679,-0.23589957735725936
Combination_458,0.14172620901182617,-1.2590587032824045,-0.2901462782762615
Combination_459,0.18140845425262025,1.3067184637185323,0.8092089056146285
Combination_460,0.16502193822135805,0.24719805542053577,-1.1866401267619973
Combination_461,0.14578602101151467,-0.99655911768918,0.20058819702199426
Combination_462,0.14455607915037433,-1.0760847777142921,-0.6147086869949021
Combination_463,0.18679814180933904,1.6552052286781402,-0.9014712389850851
Combination_464,0.15629689910046815,-0.31694608566136767,0.1630052699182438
Combination_465,0.12378642442048403,-2.4190104501170753,1.087692078375249
Combination_466,0.18725937150077057,1.6850274477546288,-1.1544388235172478
Combination_467,0.15125437211288195,-0.6429861201963637,1.6364789933577324
Combination_468,0.1691014794330573,0.51097329367386,0.0655452272541105
Combination_469,0.17187345659317235,0.6902039713160545,0.3928592929426393
Combination_470,0.17636611587736167,0.9806906244915556,-0.2479141779131512
Combination_471,0.1389568265749526,-1.4381216111422386,-0.48551655968958585
Combination_472,0.13847105689563696,-1.469530538334899,-0.3875806581844742
Combination_473,0.13603833987460712,-1.626825312067012,1.3108518725975888
Combination_474,0.17226381471312122,0.715443771761836,-0.7012391301156199
Combination_475,0.1705265085692278,0.6031129192850275,-0.22705672249628112
Combination_476,0.18099923101174553,1.2802588810696378,-1.341232482978228
Combination_477,0.17977515510270425,1.2011125021529196,-1.5027928361786211
Combination_478,0.16818465164735827,0.4516929836928021,-1.7365119070143042
Combination_479,0.1812631538154676,1.2973236187005819,-0.0788337094462761
Combination_480,0.13269782195154953,-1.8428167349547315,-0.7348494212683303
Combination_481,0.13760725144763514,-1.5253825265922487,-1.064669226112185
Combination_482,0.1586481057667768,-0.16492161369138436,0.7056638192516618
Combination_483,0.15601424212326354,-0.3352221386872068,-1.1294751068764743
Combination_484,0.15155222339665508,-0.6237276327184076,-1.2951218527231845
Combination_485,0.1886701522125789,1.776245797826262,-0.10794434895227922
Combination_486,0.17022794551172873,0.5838084098956855,-1.7688112755532286
Combination_487,0.1465955452864609,-0.9442168450131674,-1.0993853363430461
Combination_488,0.17933050715115514,1.172362426281063,1.350215283279407
Combination_489,0.14489582837241627,-1.0541172506469125,1.5592634273610317
Combination_490,0.1523018947011665,-0.5752553372573173,0.9721123367163345
Combination_491,0.17468213840431282,0.8718079006468143,-1.1988102651052994
Combination_492,0.16251788941088977,0.08529110625550881,0.2155806692312654
Combination_493,0.1281657188779481,-2.1358537472049144,1.4182195119559167
Combination_494,0.15932253504842495,-0.12131432178768038,-1.0780142101339436
Combination_495,0.17524090861521757,0.9079369009097799,-0.13939431142692987
Combination_496,0.14365591636350256,-1.1342875611285026,-2.4966185938239565
Combination_497,0.14613554708385315,-0.9739594384060212,1.3089549496749127
Combination_498,0.1653212498708765,0.26655096732085276,0.6501889888451282
Combination_499,0.17089091256643035,0.6266745763916928,-1.1351828794976302
Combination_500,0.17695122885799883,1.0185228972554803,0.12763073872966602
Combination_501,0.16666995684217817,0.35375574948331306,-0.3096695141401293
Combination_502,0.19020619543644848,1.875563379465506,-0.9715407300564624
Combination_503,0.16503648414623023,0.24813856676719698,1.3319638285668818
Combination_504,0.15977706189881374,-0.09192549543877364,0.6081799589288862
Combination_505,0.16159769521090642,0.025793130442970765,0.34131016473409004
Combination_506,0.15466573373097173,-0.4224140811152665,0.5367345646865712
Combination_507,0.1743492228663223,0.8502822263626936,0.2741770699402003
Combination_508,0.16224619327656628,0.06772376011419287,-0.9410898362927206
Combination_509,0.15762869791533526,-0.230834552165977,-0.1658991496306377
Combination_510,0.15606804166261276,-0.331743564609057,-2.0038839287075954
Combination_511,0.17553914256491462,0.9272201308256758,1.6472651917425933
Combination_512,0.13693525414228636,-1.5688325716158493,-0.6728531745259434
Combination_513,0.18125843063601357,1.2970182270594277,0.34872395338837503
Combination_514,0.17082958743245885,0.6227094119320569,-0.08833523875794894
Combination_515,0.1669692762937094,0.3731091658466731,-0.19666197299985638
Combination_516,0.13265288249872398,-1.8457224329881377,0.7414251268115578
Combination_517,0.15944382115684436,-0.11347219678269171,0.11373084374020154
Combination_518,0.1661218287016062,0.31831484488892064,-1.534181428820522
Combination_519,0.14450304049807533,-1.0795141543085724,0.6664006057745944
Combination_520,0.15383530718890973,-0.4761078539238635,0.38135387432108914
Combination_521,0.15096242562177037,-0.6618628152103365,-1.6616614232915081
Combination_522,0.17212545103036858,0.7064974438563799,1.0807326163596953
Combination_523,0.17647434646047938,0.9876886045012436,0.15976440942659154
Combination_524,0.16240548643642352,0.07802334749744363,-1.164932532700114
Combination_525,0.18645645823544701,1.6331126301643295,-1.4147057481379606
Combination_526,0.1700860807296526,0.574635707684815,0.8847835813519446
Combination_527,0.14917222724273307,-0.777613577231585,-1.1221624678320126
Combination_528,0.16614089273851876,0.31954748861470583,0.24200925919410976
Combination_529,0.1527259824709642,-0.5478346429405386,-1.434406004310071
Combination_530,0.14360848969201037,-1.1373540779065505,-0.7228346755391098
Combination_531,0.18397747016641197,1.4728260600319742,-0.6392487506534389
Combination_532,0.1542195391989047,-0.45126415588979985,-0.4529482168060077
Combination_533,0.16147607208673198,0.01792921465160103,1.549561140729791
Combination_534,0.14933893606776982,-0.7668345072918347,-0.47749546307613505
Combination_535,0.16932484030624548,0.5254153753894993,-1.380098938414088
Combination_536,0.1802655569766505,1.2328209380841668,1.690400584293286
Combination_537,0.1707327303243041,0.6164468187985994,-0.3089826093799999
Combination_538,0.1358914396510632,-1.6363235961764209,1.626163189676122
Combination_539,0.16334886079327157,0.1390201073845734,-0.743293669173192
Combination_540,0.160784230437668,-0.026803927225254168,0.5140281972066865
Combination_541,0.16828205443103175,0.4579908591490739,0.16850551251343282
Combination_542,0.15534056164774146,-0.3787810142362126,-1.3500908928370365
Combination_543,0.16223957372141,0.06729575249081893,-0.11202768016069298
Combination_544,0.1268878593818355,-2.2184776687563703,1.5371922279769805
Combination_545,0.1671382799225874,0.3840366133609008,-0.7338131144473719
Combination_546,0.1536792479566674,-0.486198341807231,-0.43356775034557293
Combination_547,0.12871692231035503,-2.10021400019311,0.2608761625486404
Combination_548,0.1486179989424245,-0.8134489063468743,-0.6650835343813498
Combination_549,0.19138670569162128,1.9518928875302113,-1.6379406878033054
Combination_550,0.16360756856063932,0.155747650859245,0.20533110022831302
Combination_551,0.14883560168132356,-0.7993791344487328,0.9365056005469077
Combination_552,0.14570020736018818,-1.0021076622802034,-1.9762173202176958
Combination_553,0.16718766713760067,0.3872298950881289,-0.5001027558032216
Combination_554,0.152082245198263,-0.5894574489542022,1.1590616242821614
Combination_555,0.1616024637427383,0.026101454481091413,0.523304336628963
Combination_556,0.14442763464320615,-1.084389750926342,-0.326859161755224
Combination_557,0.16122195867160014,0.001498733099522571,-2.5629919047445835
Combination_558,0.16170331810816244,0.03262250253236509,-0.2824876873178679
Combination_559,0.14331281167348806,-1.156472046260033,-0.5623960939120555
Combination_560,0.1667508045551175,0.3589832061104587,-0.9489794541824302
Combination_561,0.17066284967346124,0.6119284711784025,-0.5845315582909404
Combination_562,0.15172407126775608,-0.6126162820074507,-0.6329447003972242
Combination_563,0.14389728628636958,-1.1186810491195416,-0.5031531087946106
Combination_564,0.15401751365563204,-0.46432673647047307,1.1143155623919143
Combination_565,0.1715241049563707,0.6676155706970632,1.4910232182806318
Combination_566,0.14698610093376005,-0.9189642728312571,0.5137508954443943
Combination_567,0.13625774205464178,-1.6126391917881007,0.31684312494982175
Combination_568,0.17802486694551803,1.0879422578250133,1.271816318185376
Combination_569,0.18260511854293054,1.3840924604269422,0.6600064735934899
Combination_570,0.18505015702573469,1.5421839160275512,0.46539785050524274
Combination_571,0.1438798567238541,-1.1198080108945547,1.6246096945583337
Combination_572,0.15209380234851552,-0.5887101859892767,0.8536413609543607
Combination_573,0.1529349305192899,-0.5343244665825637,0.6588872790529423
Combination_574,0.13569410920651354,-1.6490826007616552,-1.4466322715912014
Combination_575,0.15355366627059924,-0.49431821054832537,-0.6744694297554682
Combination_576,0.1861198878388997,1.6113506398003932,-0.1384944441654165
Combination_577,0.13816466570097646,-1.489341199920698,-0.012548070839725867
Combination_578,0.14478268176000086,-1.0614330915953603,1.1554880757448676
Combination_579,0.1773598754932227,1.0449451976990884,-0.5264210237221864
Combination_580,0.14725640735272133,-0.9014867829952822,-2.041204606960597
Combination_581,0.16062332253792802,-0.03720792056377947,-2.158357003573098
Combination_582,0.1535687806757687,-0.4933409423660113,0.8859372139439318
Combination_583,0.15274355596252315,-0.5466983749921693,0.3716653900926782
Combination_584,0.18376688280348255,1.4592098887648357,-1.4850484657497627
Combination_585,0.1622621669175408,0.06875658482049694,-0.6277337176218413
Combination_586,0.1570790530823497,-0.26637352315607127,0.010714902368144263
Combination_587,0.17806048058764778,1.0902449669901775,0.08561149330605755
Combination_588,0.1577410640177599,-0.22356917748275187,-1.9343075396937932
Combination_589,0.16765241974701928,0.41727989922258535,0.44663293425453776
Combination_590,0.15393059130771466,-0.4699469672370339,-0.12091361194277371
Combination_591,0.17054591057292545,0.6043674152889567,0.3267138609596135
Combination_592,0.14634815915529048,-0.9602123534058541,2.074324764457059
Combination_593,0.14232090404510458,-1.2206068735420348,0.8828183312180367
Combination_594,0.17852064905191692,1.119998569172492,0.36166159679952625
Combination_595,0.15806254911966652,-0.2027825730706851,1.8058359773051942
Combination_596,0.15131320650368094,-0.6391820023690978,0.7788742441764237
Combination_597,0.1634084066737192,0.14287022875533756,-0.6037619162648737
Combination_598,0.17413604648282968,0.8364986540373333,-1.7481984404029254
Combination_599,0.16932403325298195,0.5253631928876389,1.29241407995872
Combination_600,0.16745913092480208,0.40478221811427056,0.6650414022110149
Combination_601,0.1597654514069772,-0.09267620736727153,2.1208989417411948
Combination_602,0.1524714209707174,-0.5642940968088218,1.3831601879659972
Combination_603,0.1727281514654883,0.7454668873842881,-0.889165572055217
Combination_604,0.1733205122367456,0.7837677882606473,0.21183017893558143
Combination_605,0.17495951754604608,0.8897426990470287,-1.0615453568532707
Combination_606,0.11534819416435987,-2.9646100851599684,1.0178885671533071
Combination_607,0.15325161900344106,-0.5138480021900745,-1.0485411693676832
Combination_608,0.135252808830792,-1.67761622886018,1.3415592030583947
Combination_609,0.12907885095167984,-2.0768123948061192,0.3278103616590169
Combination_610,0.1961463745648462,2.2596438639001466,-1.1728603976954384
Combination_611,0.1559929284719723,-0.3366002381242886,0.05731713364831681
Combination_612,0.16957705717646898,0.5417232300188196,0.9416790368399857
Combination_613,0.18279074896504297,1.3960949642083353,-2.0540692371893665
Combination_614,0.16190187370521741,0.04546072310714692,0.07884579589218721
Combination_615,0.1606505690243398,-0.03544621549159569,1.6345735586281052
Combination_616,0.17326506311054873,0.7801825550899236,0.3905244235281764
Combination_617,0.1731590284199496,0.7733265572400441,-0.03826732366664043
Combination_618,0.18781739713415035,1.7211083050760587,1.740326422525255
Combination_619,0.164043691300452,0.18394650304190535,-0.4517715408619507
Combination_620,0.16362031592989895,0.15657187108134235,-0.2362014212500424
Combination_621,0.15506339635156896,-0.3967019857963949,1.2414950240773726
Combination_622,0.16715239822294328,0.38494947533406243,1.478767710071679
Combination_623,0.1440917638330499,-1.1061065073883765,-0.32578469841314067
Combination_624,0.17815817029682632,1.0965613944942234,-0.0982778684692468
Combination_625,0.1639655696774842,0.1788953101156111,0.04862163847793555
Combination_626,0.17404516377540044,0.8306223540905385,1.1928291192944482
Combination_627,0.16796818224654578,0.43769649124161164,0.22915459377751962
Combination_628,0.16171166549307986,0.03316222828365082,-1.6477363727156407
Combination_629,0.1831039593099411,1.4163465388491272,-0.23321017817908396
Combination_630,0.14286979888262338,-1.185116395807105,-0.8136276549139622
Combination_631,0.17624056752733208,0.9725729111941888,-1.00352333193066
Combination_632,0.143785966449475,-1.1258787742987801,0.7930629271159766
Combination_633,0.1662721583748482,0.3280348705776529,-0.7023856727921327
Combination_634,0.1578691169419705,-0.21528952326677683,-0.4964354128808402
Combination_635,0.16344463657053732,0.14521278375580832,0.4118126709953518
Combination_636,0.16792662182846746,0.43500927505438997,-0.41256977840900405
Combination_637,0.14074388058337664,-1.3225741580384944,0.5875586502202209
Combination_638,0.18007525559557194,1.2205164191372861,-0.48212430039785614
Combination_639,0.15129293579336694,-0.6404926672613419,-0.4770420516692726
Combination_640,0.15193717299611584,-0.5988375367384757,0.3517440036428679
Combination_641,0.19559992354618524,2.224311398762228,2.162643764194727e-05
Combination_642,0.17005439735750222,0.572587122168957,-1.224012015509974
Combination_643,0.160603099100931,-0.03851552885485122,1.2772277077129752
Combination_644,0.1720357128156942,0.7006951445957954,0.20027032355346858
Combination_645,0.15286133074110206,-0.539083285778021,1.5511444510225116
Combination_646,0.14719974690312213,-0.9051503379925231,-0.6397796244424522
Combination_647,0.18275716760998645,1.3939236587915644,-1.048133751619968
Combination_648,0.1416498746753847,-1.263994333721439,-1.2122231478818122
Combination_649,0.15747204200166576,-0.2409636203154698,1.2342625366378295
Combination_650,0.2050481509536297,2.835215494625537,-0.9475689916259348
Combination_651,0.162355305969103,0.07477877561147374,0.27035462898362506
Combination_652,0.14540251764059772,-1.021355703330837,-0.047129502915699284
Combination_653,0.17782710808190372,1.0751555524923213,-1.0815332363026315
Combination_654,0.16037913961314826,-0.05299631583147839,-1.3464823734796418
Combination_655,0.19946652449399074,2.4743183317264124,-1.5937031390672076
Combination_656,0.14839047337428335,-0.828160269176852,0.46492823394505806
Combination_657,0.15758589806016002,-0.2336019079567905,0.8670383078920358
Combination_658,0.14912424345359349,-0.7807161161583386,-0.4214298787851541
Combination_659,0.17402018616627865,0.8290073502322115,-0.4794871213604007
Combination_660,0.14911972928951478,-0.7810079932699021,0.9184053823703323
Combination_661,0.16451200852704584,0.21422698842312166,-0.3147214841952663
Combination_662,0.1855594751561991,1.575115440490331,0.3374020121401569
Combination_663,0.16236226048381674,0.07522844107147551,-1.3559952912894055
Combination_664,0.16499260978655744,0.24530173559541874,0.6523235360983517
Combination_665,0.14587936245875197,-0.9905238403856145,1.2784588076243564
Combination_666,0.15488145101264256,-0.40846621923194915,1.2070482992927234
Combination_667,0.1409451902837256,-1.3095578624756576,-1.5322818195627304
Combination_668,0.14364143483606218,-1.1352239086618732,2.8321578144590536
Combination_669,0.1614202436867475,0.014319458371906154,0.41023972604007664
Combination_670,0.14523931137706028,-1.031908304423716,-0.09287525615934006
Combination_671,0.1520445079670124,-0.5918974652814297,-0.3889115202875096
Combination_672,0.168602649748799,0.478719931840983,1.690549138528152
Combination_673,0.1282448957447286,-2.130734324256253,0.05308633554783214
Combination_674,0.13801751938502127,-1.4988553958890758,1.0176470942436657
Combination_675,0.17043377584853248,0.597117001061395,1.6933208854845203
Combination_676,0.15159335357836898,-0.6210682347817298,1.044063291445234
Combination_677,0.17825820784956048,1.1030296290180122,-1.1967165638515866
Combination_678,0.1521337702435518,-0.5861259392594136,-0.8141708708477776
Combination_679,0.1467481905769756,-0.9343470959937692,0.6584699975316034
Combination_680,0.18877489605349723,1.7830183318343915,-0.00865833119616588
Combination_681,0.18098948750017096,1.2796288844710901,-1.0484215971083706
Combination_682,0.17925480456600665,1.1674676436577938,1.166346977337252
Combination_683,0.18149600912168518,1.3123795920781642,-0.7797046586856705
Combination_684,0.14757818903015363,-0.8806810025837873,1.340003458100948
Combination_685,0.16650303415476192,0.3429628516160633,0.5458100448264549
Combination_686,0.15054107037859826,-0.6891068296446741,-0.21455136814450604
Combination_687,0.1675067721035107,0.40786260451372564,-1.1676947500714885
Combination_688,0.15984029878067402,-0.08783672106109232,-1.266723955828251
Combination_689,0.15406250607796784,-0.46141761353106386,0.43949233127805676
Combination_690,0.16484341696531402,0.23565521655638724,-1.4922338426529553
Combination_691,0.1388698729995785,-1.443743861015705,-0.20962994942914526
Combination_692,0.17770133950749004,1.0670235999125528,0.4066334344773389
Combination_693,0.14021934553191986,-1.3564895791582627,1.4318379991627883
Combination_694,0.18165863151511633,1.322894441260129,0.49882595001523167
Combination_695,0.16766630550142958,0.4181777252250292,-0.03062994237751515
Combination_696,0.1718796975832751,0.6906075016558304,-0.23608247267640808
Combination_697,0.15153820316723138,-0.6246341536149237,0.20222220559837356
Combination_698,0.16100707942127396,-0.01239494329917085,1.0194037950483474
Combination_699,0.15015488185951764,-0.7140770317691326,0.5512168765651886
Combination_700,0.14727758224890528,-0.900117655194859,-0.7434095168606443
Combination_701,0.16149132749770434,0.01891559999619478,0.7522738020169772
Combination_702,0.15350273567742237,-0.49761128412019817,-2.824890178344069
Combination_703,0.1618142951626037,0.03979806406167361,-1.044014847975409
Combination_704,0.1564427258867005,-0.30751720793074383,0.9215433743578818
Combination_705,0.16807916934199563,0.44487270200309925,0.5941673657205693
Combination_706,0.1363259155325182,-1.6082312266674548,0.5142160015955519
Combination_707,0.16814921956026396,0.44940201352480613,1.246391202963551
Combination_708,0.15508215708500445,-0.3954889530863537,-2.0972525394874766
Combination_709,0.16121496431291998,0.001046491405776416,1.191794873910666
Combination_710,0.14267231153933221,-1.1978855451612664,0.0006229491599892834
Combination_711,0.1574830790315688,-0.2402499873255798,1.3679529663423633
Combination_712,0.16750916796253976,0.4080175161210404,-0.7618091008113
Combination_713,0.17844089881515562,1.1148420732307076,-2.1902076920290554
Combination_714,0.15125745396748602,-0.6427868534430045,-0.6438109463783601
Combination_715,0.17006234318626487,0.5731008840765406,0.7878268233322638
Combination_716,0.15908005371396924,-0.13699269551868018,1.6335463134475652
Combination_717,0.14988938551302816,-0.7312435116296165,-0.2614013262518269
Combination_718,0.15916141540180656,-0.13173200626949827,0.6171575759333108
Combination_719,0.14888614920392101,-0.7961108294790413,1.2950904198885487
Combination_720,0.1740916514535205,0.8336281573746922,2.1816649619698145
Combination_721,0.14413617845783147,-1.1032347437204189,0.7363535050348358
Combination_722,0.1635763458520826,0.15372885095967737,0.9901136187937721
Combination_723,0.17878810373801407,1.137291671481381,1.2462727318153548
Combination_724,0.13536403692887763,-1.6704244353347546,0.6352646129601476
Combination_725,0.14625964582522746,-0.9659354539983941,-1.6023899777182957
Combination_726,0.14669687783348428,-0.9376648786652714,-1.1311288800302013
Combination_727,0.16263811515367027,0.09306467007076473,0.4619353286384497
Combination_728,0.18053714554288133,1.250381329080824,0.38626827253458834
Combination_729,0.1617870640509049,0.03803735308867099,-0.9615211722289179
Combination_730,0.1714854356889205,0.6651152907132493,0.5396085668321434
Combination_731,0.1580467570196964,-0.2038036596870417,1.697657772317661
Combination_732,0.13788232980866777,-1.5075964922186695,-0.6466555335824543
Combination_733,0.16973060043837643,0.5516510401303294,0.8021114119258539
Combination_734,0.15575892112878087,-0.3517306999826787,-1.2432892178906467
Combination_735,0.1794399216559393,1.1794369563740659,0.3152163340163403
Combination_736,0.1670236544422116,0.3766251516726795,-0.31860060876180635
Combination_737,0.14734804522392655,-0.8955616556204524,-0.2557073538083783
Combination_738,0.15050308931141307,-0.6915626119314565,0.5757600559495821
Combination_739,0.18858328501916988,1.770629133243452,0.8863006220798486
Combination_740,0.1434173475860838,-1.149712956494769,0.8552725727738244
Combination_741,0.1487916329184845,-0.802222069546513,-0.1761055207215826
Combination_742,0.15794902345709103,-0.21012292266878246,-0.2624716439567434
Combination_743,0.12338092630800856,-2.445229173174156,3.161338096018887
Combination_744,0.19792680014384018,2.3747627355871495,-1.632968715605825
Combination_745,0.16567921457088686,0.2896962719351866,-1.394681878351633
Combination_746,0.15807422269691873,-0.20202778216132025,-0.6927710240061602
Combination_747,0.15970754665045303,-0.09642021684175915,-1.7084709808416267
Combination_748,0.14418511324090674,-1.1000707153665594,1.597402982932088
Combination_749,0.15455552651709706,-0.4295398662436676,0.8150532169222906
Combination_750,0.18359181548048611,1.4478903745259977,0.3235423885212627
Combination_751,0.16941826545914948,0.5314560649394504,-0.867012480884447
Combination_752,0.1455272535051938,-1.0132905237689274,1.011960207159801
Combination_753,0.1482908424998349,-0.8346022086698667,1.3132784612797663
Combination_754,0.17282045695152526,0.7514351814418797,-0.3591026576006365
Combination_755,0.14931864399665548,-0.7681465533320828,0.5234971876817505
Combination_756,0.16460683763211761,0.2203584548027046,-0.7507017054034745
Combination_757,0.15285593445660464,-0.5394321990883969,-0.08486014406711917
Combination_758,0.15732141628110874,-0.2507027878505507,1.4181090150184132
Combination_759,0.16915739238736233,0.5145885170722552,0.12219955567249866
Combination_760,0.15926106285503863,-0.12528899482442496,0.3808028976663131
Combination_761,0.15391775481948788,-0.47077694971904555,0.4531335110685515
Combination_762,0.14638060033043493,-0.9581147698152276,0.5273661657827823
Combination_763,0.1508425413296113,-0.669614301489333,0.7840268291874186
Combination_764,0.13870831620572682,-1.4541898105914712,2.342187505130031
Combination_765,0.16940116327479204,0.5303502708024533,0.012158101231233794
Combination_766,0.1589800409734452,-0.14345932573299008,2.8553456050922534
Combination_767,0.18023022744300385,1.2305365988235901,1.5220146245348585
Combination_768,0.16933552441058336,0.5261061888954804,-1.3786008505840863
Combination_769,0.14859339545292272,-0.81503972035473,0.10062090467240498
Combination_770,0.15822369120952212,-0.19236343745259088,0.9360626635302172
Combination_771,0.13594241736617582,-1.6330274757913936,2.284929981621074
Combination_772,0.15248496206688855,-0.5634185557409891,1.0984825592163663
Combination_773,0.15182342241296856,-0.6061924292653805,-0.42470164530056786
Combination_774,0.13733184944593194,-1.5431894869451375,0.03748609639771183
Combination_775,0.1310557928356399,-1.948987159223481,2.7314311349796387
Combination_776,0.1536847574607081,-0.48584210794033883,-0.5732009954910836
Combination_777,0.14749941866741106,-0.8857741417681972,-0.7604940812813802
Combination_778,0.16733736579597044,0.3969091205766352,0.9576627749477676
Combination_779,0.19009291568435777,1.868238929963362,0.7787506282297336
Combination_780,0.1488306321497368,-0.7997004547419432,0.44137323715651394
Combination_781,0.16225293620939957,0.06815974509934898,0.15449945468387996
Combination_782,0.11890365501237463,-2.7347208687951663,-0.21647967392626033
Combination_783,0.16857674895231783,0.4770452364749515,-0.05637369428778194
Combination_784,0.1644658085430884,0.21123978688665343,0.5391040485861309
Combination_785,0.1440722373136398,-1.1073690543372547,0.3662790262015999
Combination_786,0.16460951411855834,0.22053151123526624,0.6175009138458418
Combination_787,0.130414159165633,-1.9904739503587332,-0.7685810914426577
Combination_788,0.14818663910381358,-0.8413397985570593,0.7153069203520828
Combination_789,0.16485969317230847,0.23670760459588336,0.6466735078087346
Combination_790,0.15742021716957572,-0.24431451364454962,1.4395684401518811
Combination_791,0.16949651352336123,0.5365154333118363,0.07340654399076654
Combination_792,0.14529785350939114,-1.0281230834632937,-0.12618535648698492
Combination_793,0.1806532691407635,1.2578896561472004,0.47248727645275496
Combination_794,0.14726596697782587,-0.9008686761399495,0.034881742532203885
Combination_795,0.1656321581512014,0.2866536949222893,-1.0449101893675021
Combination_796,0.1469322504494909,-0.9224461409093184,-0.9108600967131623
Combination_797,0.1449006452227364,-1.0538058024288675,-0.9677660400576956
Combination_798,0.13873338414781516,-1.4525689659783785,-0.891138277378199
Combination_799,0.15523615725520454,-0.3855316001690482,-0.1007227905512589
Combination_800,0.15375544606963046,-0.4812715193146322,0.5314344831674942
Combination_801,0.1600201007942976,-0.07621107089092709,0.1040959128786465
Combination_802,0.13571106896298205,-1.647986015736268,0.42346293815501757
Combination_803,0.1620417872901711,0.05450726468888114,0.5358021726399507
Combination_804,0.17489338117894387,0.8854664495659439,0.5768367525300739
Combination_805,0.16213502379482841,0.06053575660835504,0.6710970919784794
Combination_806,0.17101774433795155,0.634875273238474,0.15510122539235494
Combination_807,0.16340093552467233,0.1423871587193708,-0.1305229002479873
Combination_808,0.1723288606591817,0.719649516729019,-0.6869907452485018
Combination_809,0.17149431930445364,0.6656896880982015,0.2965186077706792
Combination_810,0.14030208732450047,-1.3511396550077561,-0.31575724666072813
Combination_811,0.1403191869419385,-1.3500340268427986,-0.45999642052269996
Combination_812,0.15555080269213611,-0.36518723525518637,0.9079228613729412
Combination_813,0.15428911252733366,-0.4467656791420227,-1.6710105093617038
Combination_814,0.14895347696295128,-0.791757546901986,0.24648184190830102
Combination_815,0.1778034099717358,1.073623278559711,0.9402114089167923
Combination_816,0.1655105830800023,0.2787928861432927,-0.5896498749127883
Combination_817,0.1860309193562095,1.605598109919987,-0.38650367602563496
Combination_818,0.13917076694857963,-1.4242886406935904,-0.05976563337571189
Combination_819,0.17360709479165118,0.8022976615421522,0.8322613372634016
Combination_820,0.13605983836102586,-1.6254352615483585,-0.8237829109554894
Combination_821,0.15627379352918466,-0.31844004717664864,-0.7888582494351526
Combination_822,0.16677401141350764,0.3604837166540007,0.9481263260346873
Combination_823,0.16903350371974812,0.506578115627331,-0.8789825788347887
Combination_824,0.13878630165210026,-1.4491474225801788,1.5667075943007722
Combination_825,0.151668400300062,-0.6162158590199794,-1.2366294902136583
Combination_826,0.12991620618846864,-2.0226706260078986,0.3520777645050248
Combination_827,0.1548047831953904,-0.41342341189470605,-0.8478921747295554
Combination_828,0.15022590479819145,-0.7094848260288377,-1.2906107366203399
Combination_829,0.1438140534929657,-1.1240627204328841,-0.46572605969234204
Combination_830,0.16725454253417127,0.3915539287841505,0.747952134558698
Combination_831,0.17347346608726535,0.793657488172713,-1.5506608430278241
Combination_832,0.15618019086067583,-0.3244922145420028,1.940664770583696
Combination_833,0.17758587342565457,1.059557786561046,0.05246251512592376
Combination_834,0.16165987230345819,0.02981338089532745,-0.44486055987714623
Combination_835,0.1779341674282765,1.0820778026011673,-0.9548962500053315
Combination_836,0.1393364888029116,-1.4135733863691975,-0.325182892554656
Combination_837,0.18884715284956824,1.787690316405694,-1.3777895164717857
Combination_838,0.1477161690187243,-0.8717594836014452,0.4091477812827357
Combination_839,0.15077721054553062,-0.67383846353156,-0.20338447215450411
Combination_840,0.18276741101814814,1.3945859777358192,-0.7259501886527039
Combination_841,0.17644927697423174,0.9860676600457994,0.4188054780372448
Combination_842,0.1634551428259402,0.14589209789390287,-1.1308582245989187
Combination_843,0.15095629210039646,-0.6622593968301261,0.8460672463837018
Combination_844,0.17538703673558054,0.9173852623220172,0.663163943300197
Combination_845,0.1647560677887516,0.2300073878758219,-0.13361864618674876
Combination_846,0.16717492066632675,0.3864057329280496,-0.8431750040782451
Combination_847,0.15893586842771462,-0.14631543703808622,-0.0992773370253893
Combination_848,0.1457251822848864,-1.0004928319915083,-1.0502889536019855
Combination_849,0.16250589570611612,0.08451561652025738,0.18118345607795122
Combination_850,0.18201235388983658,1.3457654453327912,0.03898379477635261
Combination_851,0.17955143229246992,1.1866470182884523,-0.07792639554821867
Combination_852,0.15991501227747887,-0.08300589097561077,-0.6023222998047031
Combination_853,0.13919496494455263,-1.4227240451124188,0.7548695370026686
Combination_854,0.16076220798717594,-0.02822785624668655,0.22274391114207912
Combination_855,0.13714564023085565,-1.555229414359243,1.4344246488459897
Combination_856,0.19005967248475883,1.8660894890239335,-0.2625217234577573
Combination_857,0.16347460312545228,0.14715036319235344,-0.9656495114912476
Combination_858,0.17053288081777454,0.6035249365417245,-0.3591154960268016
Combination_859,0.1966405867949641,2.2915986700860005,-0.05575229225343009
Combination_860,0.1571591204238842,-0.2611965238334509,-0.196457636648405
Combination_861,0.17556867381946065,0.9291295645829468,-0.9230326978004222
Combination_862,0.14779215074947843,-0.8668466519636391,0.5810340378561112
Combination_863,0.16355142978427603,0.15211782624367037,-1.3002309892507982
Combination_864,0.175597156259215,0.9309711840059083,2.087879165529903
Combination_865,0.13477569379927068,-1.7084655632786832,-0.4969631095627519
Combination_866,0.18612867378531694,1.6119187220893623,0.5893617523807705
Combination_867,0.15005674294868102,-0.7204225037829011,-0.8194661203116708
Combination_868,0.17983853355926338,1.205210430476592,-0.7962500092616929
Combination_869,0.1565187130861518,-0.3026040226975629,-0.4157727189468298
Combination_870,0.1846359825328901,1.5154041950100927,-0.5398041418216843
Combination_871,0.16482053274199396,0.23417556697197328,-1.08374952134853
Combination_872,0.18112348181148596,1.2882926972768889,-0.5553787236731168
Combination_873,0.16680459394745537,0.3624611241024942,1.0041690910120482
Combination_874,0.14507792128202693,-1.042343475576557,0.24984207317017612
Combination_875,0.15420865904665942,-0.45196764547399537,-0.08711668957458457
Combination_876,0.1584296709682745,-0.1790451849529078,-1.038057964694052
Combination_877,0.1577832432155844,-0.22084195219487202,-1.2553515497441903
Combination_878,0.15156281919530795,-0.6230425288870921,-0.5786993438749328
Combination_879,0.18452068877875288,1.5079495240339915,-1.865948817231072
Combination_880,0.1427013667496271,-1.1960068915038264,0.7320936018481496
Combination_881,0.14744951635261935,-0.8890007288500552,-2.3023501813487064
Combination_882,0.17164132688654465,0.6751949138034595,0.6997579926773773
Combination_883,0.1850386674023909,1.541441019221837,-1.5143645914691324
Combination_884,0.15068036063356752,-0.6801005913731951,-0.5522027642222169
Combination_885,0.15979524181330235,-0.09075001735758548,-0.002523708115436535
Combination_886,0.17085293310509966,0.6242188979363543,0.7677464067709042
Combination_887,0.1747515178501255,0.8762938413199075,-0.3443625964285929
Combination_888,0.18645239398442628,1.632849843560228,-1.022687000795994
Combination_889,0.1633501698276591,0.13910474701426048,-0.5035015196681787
Combination_890,0.18714562098633897,1.6776725596707462,-1.3703983276884593
Combination_891,0.16818587860028994,0.4517723160944332,0.8765850322163342
Combination_892,0.1774723097948774,1.0522149820125213,-1.3476751903888629
Combination_893,0.1586707689844362,-0.16345625390520285,1.7681957875304877
Combination_894,0.17021844689931187,0.58319424800264,0.06251715667828839
Combination_895,0.15284246233642548,-0.5403032803020991,1.4998689455545007
Combination_896,0.1383435523346137,-1.4777747364486096,1.000215979713539
Combination_897,0.18904923609765664,1.800756628068059,-0.0316477159648334
Combination_898,0.1584620432855591,-0.17695205357821625,-0.19601941509042708
Combination_899,0.13679971463461063,-1.5775962938273993,-1.7416547736002177
Combination_900,0.15345463092362716,-0.5007216443874413,-0.2791909782949378
Combination_901,0.17054404892578806,0.6042470447885188,0.42682928302946344
Combination_902,0.17477604224830787,0.877879541436142,1.4496447296052613
Combination_903,0.16843586721123638,0.4679360957919909,-2.2536009627344273
Combination_904,0.1600269613770949,-0.07576747888682457,-0.10163685753432197
Combination_905,0.1662341416234472,0.3255767810185481,-0.8862521806676934
Combination_906,0.1264835981330896,-2.244616418598812,-0.9004834914886055
Combination_907,0.19480873050576333,2.173154388228013,-1.1486879529730079
Combination_908,0.14145451445643448,-1.2766259473330472,2.0428189537295194
Combination_909,0.16646731967607722,0.3406536225544393,-0.9714778363783223
Combination_910,0.18559986246111002,1.5777268054508642,1.2842808716213796
Combination_911,0.1452961592822407,-1.0282326289114385,1.7740028086663493
Combination_912,0.18956784130184193,1.8342886367412616,-0.016503149567130032
Combination_913,0.18099124646621706,1.2797426158109177,-1.7423870766769094
Combination_914,0.16740313137786358,0.4011613958038061,0.5665911531022614
Combination_915,0.1626341830326293,0.09281042673539959,2.2085155891661366
Combination_916,0.1461821923393811,-0.9709434464716865,1.044680742334504
Combination_917,0.15010043672650025,-0.7175973486842334,1.2713988462972075
Combination_918,0.16393768138635498,0.17709210719269514,2.1853018266874864
Combination_919,0.16573686487017777,0.2934238286975077,1.718167231347314
Combination_920,0.16068450315362354,-0.03325210037613442,0.11869606059082316
Combination_921,0.17748503041838326,1.0530374729059493,-1.3250772043114718
Combination_922,0.16763917504753467,0.41642352259079,-1.6080709841273122
Combination_923,0.13865736994436254,-1.4574838972380144,1.1478285431157789
Combination_924,0.14744254670740747,-0.889451372618779,-1.1765466710649268
Combination_925,0.16485841098342696,0.23662470074465203,-2.1431897429309017
Combination_926,0.18182804814857575,1.333848592851166,-0.7398103710972411
Combination_927,0.1492193213590392,-0.7745685628281628,0.3982229108411233
Combination_928,0.17248778537272103,0.7299252810865294,-0.1380363837326013
Combination_929,0.14560600097018186,-1.0081988651090017,1.473345166954381
Combination_930,0.1445846962182306,-1.0742344534988495,1.2810625720147155
Combination_931,0.1552203780419558,-0.3865518535549441,1.7855187974577498
Combination_932,0.14981936546355276,-0.7357708724955679,0.4453003586202454
Combination_933,0.14213952435767657,-1.2323345330465967,-0.7746649125070315
Combination_934,0.16203325982100789,0.05395589503883945,0.5521354780622172
Combination_935,0.1590465591943161,-0.13915838632635066,1.50439868382926
Combination_936,0.1609451012063137,-0.016402334711414796,-0.6466235833928364
Combination_937,0.17565783143902228,0.934894323687359,0.9105136326739189
Combination_938,0.17511214742593734,0.8996114516453444,0.39131341221304794
Combination_939,0.1689528734419221,0.5013647179337387,0.6671861568439824
Combination_940,0.18356570774703654,1.446202299016142,-0.4201645620457882
Combination_941,0.16528186504620831,0.26400442079237874,-0.2713349351421196
Combination_942,0.151676328305598,-0.6157032495277334,-1.0934405564205913
Combination_943,0.15686604059069448,-0.2801464985524611,2.277148389788349
Combination_944,0.13051475056716097,-1.9839699050439854,-0.07151961421594297
Combination_945,0.1457484658019396,-0.9989873648471962,-0.11213462293721865
Combination_946,0.1677962445984352,0.42657933572299084,-1.2854775008300972
Combination_947,0.1524521079049276,-0.5655428422597791,2.0785575900961737
Combination_948,0.1630506878008593,0.11974081884872005,0.7867250133986619
Combination_949,0.17567664213200632,0.9361105866851064,0.651000892086795
Combination_950,0.14087106986079248,-1.3143503455525662,-0.2745996978992137
Combination_951,0.1695661490802894,0.5410179336339211,-0.3331544332074349
Combination_952,0.15357481161206257,-0.49295099369893003,-0.4128576062755098
Combination_953,0.18954950950195742,1.833103338044369,-2.1319878178324525
Combination_954,0.15867065460775348,-0.16346364928011548,1.297386535478228
Combination_955,0.18308686216645587,1.4152410706451688,-1.0713469371853694
Combination_956,0.16647374920626312,0.3410693435310478,0.23697962120464183
Combination_957,0.17501865521721655,0.8935664263960753,-0.9567040737270708
Combination_958,0.17275079346551891,0.7469308752796615,-0.21512921510438365
Combination_959,0.1415347691079479,-1.2714368369097517,-1.554987258515091
Combination_960,0.15886827912551002,-0.15068563049054276,-0.186932278087246
Combination_961,0.1584760172888164,-0.17604852157614226,-1.1162144580452
Combination_962,0.17980039802369732,1.202744660563297,-0.5839077867761344
Combination_963,0.17625597508376778,0.9735691339699443,-1.2267988620477555
Combination_964,0.16086072970267162,-0.021857632824632982,-0.17148224294279601
Combination_965,0.15147563685381407,-0.6286795703350573,-1.066435861793817
Combination_966,0.13642557254525597,-1.6017875971232456,-1.219523465603881
Combination_967,0.1922705137692353,2.009038207100532,1.9868290295588806
Combination_968,0.13879401677814837,-1.4486485774635618,-0.3081258100054842
Combination_969,0.17798237145500742,1.085194581664277,0.8442487501281506
Combination_970,0.1653895716159026,0.2709685191084054,-0.9844365600414249
Combination_971,0.1954377762154603,2.213827266215299,-1.0362433268005165
Combination_972,0.18030633243164185,1.2354574000775853,-1.1848152419657674
Combination_973,0.16692227310773275,0.3700700308223478,-0.13450740346135193
Combination_974,0.1663925325347235,0.3358180307549763,1.924666136875048
Combination_975,0.15036957490371275,-0.7001953950984474,0.47577223821843073
Combination_976,0.12620177795273566,-2.262838365960018,-0.04553186262082731
Combination_977,0.18425158752869447,1.4905499580865111,-0.23612507726112736
Combination_978,0.15666110512297796,-0.29339722921512923,-0.04036769537948748
Combination_979,0.15483903140913588,-0.4112089886859007,0.358989533955257
Combination_980,0.14228825571300238,-1.2227178515005697,0.8256515030824891
Combination_981,0.17630232975629517,0.9765663373699253,0.5887011731844372
Combination_982,0.16896483529659798,0.5021381483033177,0.035214380965615605
Combination_983,0.16096343350134845,-0.01521700399906518,1.0558874934581868
Combination_984,0.16604549494117496,0.31337925169359343,0.5960971679243481
Combination_985,0.1457546654199618,-0.9985865095460668,-0.20953334061020645
Combination_986,0.17004397131715993,0.5719129945814135,-1.9743050838207072
Combination_987,0.1904727255011289,1.8927966975433166,-0.15772765723477133
Combination_988,0.14881106233432384,-0.8009658011265617,1.2130651893379558
Combination_989,0.16193495750552653,0.04759985759703406,0.09903952724537674
Combination_990,0.13781260201603185,-1.5121049563230822,-0.6090433051210242
Combination_991,0.14676811527820446,-0.9330588033792232,-1.3040328529081822
Combination_992,0.16058433821830487,-0.0397285712112717,1.1849740228681565
Combination_993,0.16146141512774886,0.016981524054248173,0.8156341384267136
Combination_994,0.146687411740129,-0.9382769379387399,-0.4994136906094955
Combination_995,0.1402518388268314,-1.3543886256043813,-0.07536297022825028
Combination_996,0.18407782773551062,1.479314986194457,-2.0980115271897497
Combination_997,0.16436806972763152,0.2049201842657013,0.8176990030008238
Combination_998,0.17525369969370008,0.9087639472856236,-1.1430657337133199
Combination_999,0.18247240881726626,1.375511706442832,0.9299700859616387
Combination_1000,0.16239536291642162,0.07736878028954133,0.9874030176568336
