combination,accuracy_original,accuracy_normalized,pls_x,pls_y
Combination_1,0.17545288282431085,0.9216427429654478,-0.30753683504390716,-0.40865151676189676
Combination_2,0.18295025051765082,1.4064080258634686,-1.797517131830318,0.004705834656631547
Combination_3,0.1543767519133106,-0.44109908608245296,-1.2512068995834862,2.2915943867526005
Combination_4,0.15063686169362467,-0.6829131486319102,0.3836056806763153,-1.431103326952801
Combination_5,0.1687777093052613,0.4900389439107569,0.1791502126272513,-1.3791853204938245
Combination_6,0.15797350293222256,-0.20854012719006038,1.7524402256239897,-0.6698218441242657
Combination_7,0.15823915743343497,-0.19136342135132134,0.05555047103628159,1.3625346123138287
Combination_8,0.17541162184279294,0.9189748877666227,0.6790916257471689,-0.37789125274802116
Combination_9,0.14457030828270545,-1.0751647495601417,-0.6327547095680054,-0.29619928294793646
Combination_10,0.1657464288047492,0.2940422141946283,0.8617152975302266,-1.8592150236011773
Combination_11,0.18719369152899978,1.6807807079122594,-0.905898280037811,0.10504789983215634
Combination_12,0.14796464697078973,-0.8556933801830525,-1.2490286953151943,0.04483988990333464
Combination_13,0.17797688902870282,1.0848400985913873,-1.110017686118884,0.59365530955933
Combination_14,0.13218192183635946,-1.8761738378095634,-0.4785944474408482,-0.6867503430154491
Combination_15,0.15903675694772332,-0.13979218061748633,-0.043929155658714164,0.03761283915141633
Combination_16,0.14333022594116349,-1.1553460734197734,-0.6286101421965473,0.4856294612029689
Combination_17,0.14204273869328982,-1.2385925067643053,-0.45561894335455866,2.2534839795082107
Combination_18,0.13955324595171642,-1.3995582886897981,-0.02601000822695204,0.28198986531376213
Combination_19,0.18083055031077008,1.2693523134485196,1.9036053849487353,-0.5492119708690701
Combination_20,0.15176825727253146,-0.6097593004665698,1.0091856956596612,-2.16652239113527
Combination_21,0.16234179276078117,0.07390503771799835,-0.4966029720168495,0.41314162463210313
Combination_22,0.15267940979723857,-0.5508459418760271,0.08088514711731039,-0.8340428459513206
Combination_23,0.16470731349768847,0.22685502978610123,-0.6353647655670035,0.8123960959883797
Combination_24,0.16572045140287178,0.29236256567195346,-1.149827121461502,-1.6398729015845606
Combination_25,0.13207041130075295,-1.8833838931983926,0.11137733787867779,0.06792836473302089
Combination_26,0.14904876494395752,-0.7855964104926956,-1.5627374595426133,-1.2221900189630241
Combination_27,0.13534331357120166,-1.6717643675292653,-0.9965518472193531,-1.2891170515409072
Combination_28,0.15891462567467726,-0.1476889523313052,-1.1337218978085408,-0.3552508079126935
Combination_29,0.18768197812344914,1.7123523739656425,0.8237847126004989,0.35186765616436466
Combination_30,0.1426151775250908,-1.201579719931624,-1.454146703173293,-0.6236152918136701
Combination_31,0.1528454595756846,-0.5401094846131601,-0.5193747882812938,-0.02387289066658333
Combination_32,0.15725973107625332,-0.25469123379657543,-0.08617010593137074,0.5786387267262224
Combination_33,0.1765169053364339,0.9904403790420929,-0.6783376924007625,0.5614391131993628
Combination_34,0.15444113050432307,-0.436936491000921,-0.30470064895701243,1.0957948347585262
Combination_35,0.1579382699168311,-0.21081822576708018,0.6264164980181622,-0.5881895964432995
Combination_36,0.16167590000026205,0.030849700746924422,-1.568203442246703,-1.3143960551912988
Combination_37,0.1651999875846533,0.25871038261295853,-0.035429282848385035,-0.07255943326392786
Combination_38,0.1716852038674854,0.6780319144613498,0.8677970232150541,1.0680465669335986
Combination_39,0.14523251701864748,-1.0323476144873027,-0.5031254619660884,-0.48278773623668514
Combination_40,0.15905521420716273,-0.1385987699486168,-0.6740809201417494,1.22111102621128
Combination_41,0.1886311819619095,1.773726056850087,2.1061161939769204,-0.3211324831933474
Combination_42,0.1638157332434687,0.16920717632053528,-0.7408612578887717,-1.051960480060118
Combination_43,0.14617725682401567,-0.971262567341868,-0.1643006700651716,1.4844619722533707
Combination_44,0.14320007431626994,-1.1637614255595923,-0.4264307170047471,0.8059297586007567
Combination_45,0.15867939077904236,-0.16289878535459906,-1.0759843762462973,-1.7514262554236344
Combination_46,0.17355655180340115,0.7990296497545885,-0.5905668304064718,0.6531537371482782
Combination_47,0.1615264559325219,0.021186936595736155,0.9737720841770346,-0.5516646553632747
Combination_48,0.14921920296937416,-0.7745762176747455,-1.9346532982055071,-0.049406570623741985
Combination_49,0.17917929526786397,1.1625853585981876,1.4545624869751794,1.0526126803883529
Combination_50,0.1696072281989397,0.5436740299317452,0.06860250322335074,1.328200007591536
Combination_51,0.1710136840435575,0.6346127424621941,1.2102422341191397,0.7491678983563873
Combination_52,0.14096590467087422,-1.3082185102980817,0.9426434013191957,0.9768922232420987
Combination_53,0.16536621585339523,0.269458380712867,-0.19654065934351578,-0.44232845869361204
Combination_54,0.15335450663120104,-0.5071954873318159,0.8531966857789526,-1.544807136767372
Combination_55,0.18408388334506753,1.4797065301869683,2.239159912215781,1.2486595816156045
Combination_56,0.1421265887205945,-1.233170926301676,-1.00608888319293,-0.0723418667511393
Combination_57,0.17922819527822187,1.165747138615449,-0.16415019363194408,1.0820901532147786
Combination_58,0.1284840368706209,-2.1152719219455447,-1.8409633934982514,1.7929275568856164
Combination_59,0.16992963087559776,0.5645199629511514,0.2870438535532688,-0.9760160148580307
Combination_60,0.18705488514148266,1.6718057555736456,0.997883452616017,-0.2661769453273386
Combination_61,0.1759154830621281,0.9515535789183617,-0.7897987487872524,1.0226605510318445
Combination_62,0.1840790304087254,1.4793927487165897,0.8347340456377405,-0.10590945304519185
Combination_63,0.15990687394539832,-0.08353209977511378,-0.7033418063145356,-1.36677626884215
Combination_64,0.15635473521265839,-0.31320651459664234,-1.159689478163332,0.7565698889372124
Combination_65,0.15588690347547676,-0.3434556091721934,0.1971349142436282,-0.44284699367692615
Combination_66,0.16021420628264996,-0.06366058573107877,0.042590407517433634,-2.398456610524931
Combination_67,0.1689289589099349,0.4998184505852058,0.3105887374287351,0.04490168531828888
Combination_68,0.15259150237268945,-0.5565298657908491,-0.8406389748379599,1.0312140342323906
Combination_69,0.18489764192308855,1.5323225847037387,-0.49316362691888005,-2.313005486613892
Combination_70,0.18668395396768311,1.647822063862438,0.32908614998819674,0.08585769104827815
Combination_71,0.15789066717595931,-0.2138961268504074,0.007112988001904685,-0.3026786072242751
Combination_72,0.16259571035246562,0.09032285770501015,-0.3745224145714304,-0.7307864303770064
Combination_73,0.1748838629755839,0.8848510209604373,-0.1857554017459855,-1.2509266311179985
Combination_74,0.17467211695268767,0.8711599329825858,0.5797334837213504,0.3511757531605018
Combination_75,0.19043015032781435,1.8900438692467143,2.1143454336240506,0.5031550620271463
Combination_76,0.14579207883919731,-0.996167430276952,-1.0802493094923296,-0.3474497569453616
Combination_77,0.13230474920739996,-1.8682320577468143,-0.2329720989611216,-0.7119668142918777
Combination_78,0.15140540221582433,-0.6332208060789817,0.5261490786309112,0.8286714018622665
Combination_79,0.1766837351038516,1.001227268882095,0.33883885028274535,0.33332047912341534
Combination_80,0.15451164521227045,-0.4323771464756481,-0.6284747035751049,0.10201167293775287
Combination_81,0.18388416558224288,1.4667931662230458,1.5923679976455216,-0.5749296042416183
Combination_82,0.14105982674030834,-1.3021456910871412,0.8457725437208559,-0.5205945519227074
Combination_83,0.1521901163972034,-0.5824827060297829,0.5712789549869085,1.179750372983197
Combination_84,0.13491241789078204,-1.6996252481692409,0.9526526148107982,0.0745047218442823
Combination_85,0.15020322294412275,-0.7109513908091716,-0.11294694839029709,0.13774110440845652
Combination_86,0.18271412602689902,1.3911406733418454,-0.5898636307449109,0.4940994284784165
Combination_87,0.15007982729091052,-0.7189299148971593,-1.032074905071492,-1.9731837322411432
Combination_88,0.13601549508153254,-1.6283024121680754,-1.6250872207337095,0.910637544168342
Combination_89,0.19076397319976707,1.9116282099885642,-0.2228062353898671,-0.5283016416009617
Combination_90,0.160602721946031,-0.03853991496065204,1.3296674820918652,0.12068051096145122
Combination_91,0.15740261070455766,-0.24545291359295998,-0.8658304865375863,1.1413615163592787
Combination_92,0.16673315995987592,0.3578423407356008,-0.2626210483414058,-0.5442796887098629
Combination_93,0.18976952597223426,1.8473291771412987,0.06500625259425477,1.2745274101430726
Combination_94,0.16191278065093703,0.04616594510553191,-0.4767128413366334,0.8951594795179778
Combination_95,0.15745531601560325,-0.2420450901988985,0.8533116770511991,-0.3498212609271165
Combination_96,0.1692142660510574,0.5182658580802313,-1.3962168945713103,2.452282848102993
Combination_97,0.1457192005060931,-1.0008796022297537,-1.3818918201265293,-1.1864259105560933
Combination_98,0.16225880443026258,0.06853917290162874,0.4076932889893383,-0.404361141392399
Combination_99,0.15542376173812736,-0.37340145743671227,0.12095443384573537,-0.5365446782596294
Combination_100,0.17315169522155255,0.7728524068260728,-0.7627157628013308,-0.7367229919804585
Combination_101,0.14799653286362183,-0.85363170007192,-0.27225847475532255,-2.3717083665164336
Combination_102,0.19785824575554736,2.370330141536282,2.0116388041324975,0.4139036522015921
Combination_103,0.174125804987582,0.8358364587783964,0.1865143843660289,-0.23725356236310913
Combination_104,0.17539836427802247,0.9181176792903459,-1.1442095481853785,2.3395069024868493
Combination_105,0.18064393546663926,1.2572861588448965,-0.7392127080444107,0.01770388243767912
Combination_106,0.1519256353842312,-0.5995835363903521,1.849516078503842,0.28456574856932504
Combination_107,0.16962951236665308,0.545114881082119,0.010859057977189973,0.12428003867034715
Combination_108,0.1505999193176393,-0.6853017711562368,-0.21302918428186485,1.550732135742928
Combination_109,0.17295020977021705,0.7598247475446356,0.4744805748046774,-1.0389497111879764
Combination_110,0.16186078959667677,0.04280430417267064,-0.3010099843264314,-1.1564436256675974
Combination_111,0.12707689063990854,-2.2062552735045347,-1.3157006663997906,0.0738858615638815
Combination_112,0.15820396399400363,-0.19363896102336434,1.6523720486982976,-1.198604323052452
Combination_113,0.1720498372617901,0.7016084039406113,2.009897632425708,-1.2961280958154777
Combination_114,0.1514533029516521,-0.6301236372186091,-0.4263232601736902,1.0853056302520823
Combination_115,0.1635785354514028,0.15387042621345987,-0.2330472860037679,-1.6769869060473892
Combination_116,0.14340069913364756,-1.1507894132039997,-1.9289524541669996,2.153514099603567
Combination_117,0.1389987871961426,-1.4354085185964622,-0.9416223744725218,-1.8225913962324962
Combination_118,0.14761101303741003,-0.8785586658098243,0.09163238024142317,-0.5686355256680748
Combination_119,0.17985346729489696,1.2061760169164255,0.9457821642429265,-1.166633312946918
Combination_120,0.15988260538718296,-0.08510125777429331,1.7026830476281891,-1.528361318183329
Combination_121,0.13292575975117862,-1.8280787180346723,0.536393278769782,1.713922677880219
Combination_122,0.1643631568720502,0.20460252853329897,-1.1133624230168147,1.201320478824092
Combination_123,0.16357290146203293,0.15350614336614066,0.816647775074611,-0.5217839734647661
Combination_124,0.13950998464201875,-1.402355481236825,0.06428668599437526,1.2818968627061424
Combination_125,0.14015183127911943,-1.3608549200615143,-1.2002723381597609,0.7925346633056054
Combination_126,0.17213783830601026,0.7072983811221496,1.5540772323296956,-0.14845311469525552
Combination_127,0.18894025696942968,1.7937102485805152,0.6577401929152771,0.9262521217808957
Combination_128,0.15980554121822868,-0.09008407777091819,-0.8843289680756004,-1.278263708555796
Combination_129,0.1592679943758782,-0.12484081610381904,-0.6166227639005951,-0.7874405292093135
Combination_130,0.16876001046649217,0.4888945712544044,0.8108652857335827,-0.10641419242009603
Combination_131,0.14914256107535018,-0.7795317341917465,-1.0317598370618302,-0.3319778815298319
Combination_132,0.15897862357389023,-0.14355097204464928,-0.47788742249658006,0.2644183288207569
Combination_133,0.18788561639180232,1.725519230228379,1.5331159303033879,1.4668909828933612
Combination_134,0.12958620043758495,-2.0440081590899712,-1.6571500604724252,-0.4639089534823252
Combination_135,0.16172186690992704,0.0338218321507892,0.2871711153741887,1.0643911308559415
Combination_136,0.18993245895769162,1.857864108602486,-0.6076789167483276,-0.633335382986582
Combination_137,0.16415840324763084,0.1913635555062439,1.5600655023108518,0.18858751815571745
Combination_138,0.16729832162788277,0.39438460024327193,-0.179187720243975,0.8252824477547536
Combination_139,0.1730650508480404,0.7672501493464987,-2.350943767616326,-1.466309510273653
Combination_140,0.1739433000067901,0.8240360399830793,1.72346123958241,-0.932365156951048
Combination_141,0.16625467823334136,0.32690463846296125,1.3007915310611728,1.762166823505904
Combination_142,0.13682389034760634,-1.576033139020408,-1.4736583023735947,-2.0203877107715735
Combination_143,0.16271523965529283,0.09805139106093856,1.6225697407635424,-0.9434365174955007
Combination_144,0.15648174599478706,-0.3049942432704805,0.47180937936625145,2.0201001456064014
Combination_145,0.15900634304071606,-0.14175868497440916,1.2488483125669716,-0.5551650131339727
Combination_146,0.14979657734605575,-0.7372443080634892,-0.3496462583308054,-0.384331644285639
Combination_147,0.16114105411554788,-0.003732398893276511,-0.7017856052376986,0.6148858003126152
Combination_148,0.17680617564066006,1.0091440369921698,0.37057724843914497,-1.4507990351839644
Combination_149,0.16638586274707287,0.33538677519574883,-1.3149647239320645,-1.5477904715831983
Combination_150,0.15406128264629942,-0.4614967182546289,-0.579707726577977,-1.5427983764246536
Combination_151,0.1499916491772304,-0.7246313410472368,0.27146488585849493,0.5081027971467084
Combination_152,0.16438954892836186,0.20630898780907242,-0.1108539095538395,-0.9035825429639173
Combination_153,0.1477395281638637,-0.8702491264914668,0.035207918392367435,-0.20052620495359544
Combination_154,0.17338346862616946,0.7878384265403204,0.9999151557745232,-1.6557370927916848
Combination_155,0.18007466405569977,1.220478171314156,1.1138666263139276,-1.6445095096100768
Combination_156,0.17810427271487878,1.0930764811714409,-0.7308881049159552,-0.5913663698101991
Combination_157,0.17645644336751717,0.9865310251641273,0.26203995977543487,1.95182778792628
Combination_158,0.18582368293584686,1.5921986041130214,0.14446538164883674,-1.8376848378566604
Combination_159,0.15596430312587722,-0.3384510975946276,0.2679173974986138,1.8373891684288075
Combination_160,0.17029452645357665,0.5881134047192944,0.40341299941818387,-0.06547317548226878
Combination_161,0.16277837158341052,0.10213337933277623,0.7396160777827496,1.1199661559997214
Combination_162,0.16381643766881865,0.16925272310015335,-0.805912779748383,-0.7815421462678344
Combination_163,0.17720273955149174,1.0347850918642996,0.7123711850794779,2.039497887714582
Combination_164,0.1577715518454535,-0.22159789355733298,-1.7209590647611746,1.674590961649217
Combination_165,0.1515138908775761,-0.6262061392043601,-0.7231138408670799,0.6058588351865718
Combination_166,0.1736419783058138,0.804553162046221,-1.7263669619797342,0.5174178123310955
Combination_167,0.15072264548051406,-0.6773665350175825,-1.894935391118107,0.02498466855324441
Combination_168,0.17789174774361988,1.079335027900217,0.2630375092868522,0.018539827838442324
Combination_169,0.1877407916149512,1.716155140484822,1.8644309128226195,-1.0308418812885405
Combination_170,0.15234118209140793,-0.5727150906502813,2.0260351620611026,0.9969613796424951
Combination_171,0.1555669856510073,-0.3641408764588473,-0.6710241225362727,0.8528029316313078
Combination_172,0.16207674191830088,0.05676736328441587,-0.48915230286733474,-0.4265522206487844
Combination_173,0.18904807416526204,1.8006814997684986,1.394462183039005,0.4221168228776965
Combination_174,0.15721752984255863,-0.257419883881168,-1.2647138322981188,0.10413011569809688
Combination_175,0.13935371384034792,-1.4124596487899188,-0.6370063957537685,0.37192121710950465
Combination_176,0.1613190545668002,0.007776765741127099,0.5286550455600529,0.744913277883895
Combination_177,0.1425343173703453,-1.206807981021874,-0.3020527693816315,1.2332562339967978
Combination_178,0.1536270845894515,-0.48957112416226833,-2.0119575711297366,-1.582715128089422
Combination_179,0.1641843263611869,0.19303969385114142,-0.09266987103159549,-0.40137277004405525
Combination_180,0.15753918892930693,-0.2366220299460095,0.17359748801972624,0.06526127079985572
Combination_181,0.1525129864986105,-0.5616065502308664,0.523585844037594,-0.006655694340019946
Combination_182,0.16158982042578343,0.025283962079613552,-0.5088027920148481,-0.28629027393209905
Combination_183,0.15406577967184173,-0.46120594928765474,0.12514907989373888,-0.8904989556030944
Combination_184,0.14469760388984415,-1.0669340620001488,-0.13887957582221738,1.034759643605351
Combination_185,0.19033465942473646,1.883869612289054,0.7225159732719838,-1.065721798625308
Combination_186,0.1803555471410121,1.2386395279238434,-0.33401547296884854,-0.3943931034918695
Combination_187,0.16767390328697662,0.4186689833319755,-0.08013355163447304,-0.9786326228903455
Combination_188,0.17245132017188078,0.7275675117834501,3.1102977581864715,1.4795681782835122
Combination_189,0.15716719447657415,-0.260674471214922,-0.5472480074046617,-1.153666504745291
Combination_190,0.16380933086648167,0.1687932110172062,0.3633960414751755,-0.4403152532454583
Combination_191,0.14130001605091766,-1.2866155151815313,-0.5402505977539259,0.8698173655813174
Combination_192,0.16661471094903413,0.3501836569684008,0.9891517817286534,-1.694784361763113
Combination_193,0.14063763593484804,-1.3294437313616914,-0.33850532334830663,0.5116393710914618
Combination_194,0.17822654649014352,1.1009824668028882,0.7652464718770107,-0.35699574885589047
Combination_195,0.14903450187845765,-0.7865186326998549,0.3300519981283837,1.079937079341655
Combination_196,0.15403391014646406,-0.4632665711108659,-0.4602879411590377,1.7947874889255748
Combination_197,0.18402309877470852,1.4757763175241827,0.5728905799652686,-0.051392120307267676
Combination_198,0.15401097364643646,-0.4647496008060013,0.7775999396049594,0.88465306114723
Combination_199,0.17405376934045738,0.8311787732699034,1.5964984380311542,0.9434218864112738
Combination_200,0.16329221538971908,0.13535752523558947,-0.46303916158805375,1.7865633645712902
Combination_201,0.14728148183442608,-0.899865515543251,-0.08767833383645052,-0.4254349689087309
Combination_202,0.14828268625484675,-0.8351295756833025,-1.3731972111507826,-0.3234789319354816
Combination_203,0.19358232484421223,2.093857372023556,0.04829183519989494,-1.1561310490550172
Combination_204,0.15476898780340775,-0.4157378726535571,-1.1934783619062364,-0.09876783284450823
Combination_205,0.16664470457777664,0.35212298694622973,-2.498444540693241,0.24856349636913558
Combination_206,0.12593380884339542,-2.2801647298800702,-0.40218101126729905,1.9191357146248105
Combination_207,0.16998438178618117,0.5680600508517977,-0.3771333718357233,-1.9789606246294884
Combination_208,0.16183270726368854,0.04098855487874578,0.7023643301759026,1.458599770115905
Combination_209,0.17053400965996993,0.6035979252930538,1.1148554259005063,-0.4580137890505116
Combination_210,0.19049952865149375,1.8945297373648418,1.6782108424019975,-0.4444247152545353
Combination_211,0.15635640786837685,-0.3130983639155345,-0.8514899337533925,1.1998291715913842
Combination_212,0.1834296934514689,1.4374078779385158,0.8147876837960906,-0.11514132314682521
Combination_213,0.1783424057951111,1.1084737052009819,0.8391883395109954,-2.6109836390977703
Combination_214,0.17779619223790688,1.073156593861218,0.09947583698865897,1.437369571141765
Combination_215,0.15900881282850496,-0.14159899327658232,0.7054287176578456,-1.1236882098679355
Combination_216,0.13239082652195586,-1.8626664652017322,-0.8377511892911016,0.0846308527034133
Combination_217,0.15718177510418027,-0.25973171605665624,-1.262862459404693,0.6604013312024858
Combination_218,0.1626772499750259,0.09559505186896204,1.1096624259118748,-0.8893853732913919
Combination_219,0.16110370357962103,-0.006147412249371636,-0.016670009775036576,-0.3811029324140209
Combination_220,0.1661181449781248,0.31807666245895116,1.3839528773870549,-0.7818106828276892
Combination_221,0.13564986470134507,-1.6519433648247177,-0.28432224446035315,1.5093898431740023
Combination_222,0.1692006967578416,0.517388493846071,-1.5530636855678157,-0.6900672105955518
Combination_223,0.15935372646836088,-0.11929754494976895,0.05371309493109816,-1.7074921209572482
Combination_224,0.16838170233218738,0.46443389955601755,0.1689999946815233,-0.5067006472531638
Combination_225,0.15419348783778372,-0.45294858647400366,-0.44977431247085775,1.192580265104564
Combination_226,0.18591161051416147,1.5978838311313095,0.42256640022253505,-1.8334786688309754
Combination_227,0.15925796461556055,-0.1254893209920228,0.5400317563707102,-0.16208542798338416
Combination_228,0.15882417750977224,-0.15353715559959913,-2.096848277397421,-0.5376817255828737
Combination_229,0.14212495793591598,-1.233276369682388,-0.39074153456060157,1.158800851050087
Combination_230,0.1343239702742235,-1.737673132037211,-0.8909303968271065,0.775571395687711
Combination_231,0.16737798206745289,0.3995352900724889,-0.6328571394540855,-1.2247453599038618
Combination_232,0.1635324735049813,0.1508921499168748,-0.8751570354048057,-0.6017073438824232
Combination_233,0.18573740633470645,1.5866201260831303,0.554874784972921,-1.2036882000176607
Combination_234,0.18361424562783923,1.449340664437314,0.5985817616529076,0.5626142361719552
Combination_235,0.16298574402422822,0.11554167995908067,0.2916827061218433,1.255632409206224
Combination_236,0.13248640855466512,-1.856486315978501,0.5676912752827978,-0.08697680997566151
Combination_237,0.16583722418017435,0.29991286742308054,1.9186631478638707,-0.34520073313692096
Combination_238,0.18157581449041563,1.317539652746359,1.5714960987228912,0.32745487898567704
Combination_239,0.15185361397828775,-0.6042403010916358,-0.7320688146602895,-0.10537138276255739
Combination_240,0.16962328617143835,0.5447123073511643,0.08472701616435592,0.7981861408097841
Combination_241,0.1383789137331796,-1.4754883368640341,1.4904558505627041,-1.7500696618824523
Combination_242,0.15282980093660486,-0.5411219419066752,-0.5816385994965209,0.1627257698339628
Combination_243,0.1803331838108969,1.2371935582857985,0.02223599003909997,1.4125441352660077
Combination_244,0.14438624967922184,-1.0870656225914601,-0.3692428964770972,0.88416723776328
Combination_245,0.15748758656689307,-0.23995853881644713,-1.8865599117511955,-0.009788805002853895
Combination_246,0.16566681512322073,0.2888945476498769,-1.1295943999434614,2.215560847001227
Combination_247,0.15360669867937773,-0.4908892376479958,-1.0215900532135773,2.298334371558252
Combination_248,0.17149048688130672,0.6654418910356872,-0.009500013529001781,-0.49168492686295606
Combination_249,0.17405759783944375,0.8314263166037922,-0.6272319279713867,-1.2344746622239446
Combination_250,0.13760863002510593,-1.5252933904414077,0.026512699147644793,2.535871432332466
Combination_251,0.1559102805941978,-0.34194408992521763,0.21994987434031504,-2.1381593793516696
Combination_252,0.1632281830913723,0.13121732076752493,1.4442759393998934,-0.5540386800377324
Combination_253,0.18504862259295007,1.5420847025737974,-1.5839815333643499,-0.38135008757709554
Combination_254,0.16383106901891875,0.1701987578766999,-0.20859963361880615,-0.9297760171106145
Combination_255,0.16316540340401872,0.12715810770168584,-1.3064514330011516,0.5021088824399936
Combination_256,0.16811943194786727,0.4474760041651256,-1.4430188348113389,0.693958719171785
Combination_257,0.16686833931821024,0.3665827763878525,-0.4118485357210924,0.6219161718288134
Combination_258,0.16110050089272776,-0.00635449178466374,-0.5421316993671118,-0.38960104901629167
Combination_259,0.141639907187297,-1.2646388122077898,-0.6502531333540129,1.7444204566683101
Combination_260,0.14655787944526946,-0.9466522453973557,-1.5751829274228903,0.916092912706258
Combination_261,0.1598651459076329,-0.08623015392685326,1.039120957434881,-0.1715103023648742
Combination_262,0.1634469752941928,0.1453640011004611,-0.9244408206660278,1.064686847919663
Combination_263,0.16817291260633024,0.4509339600224068,-0.4160837715586749,-0.2097120616697089
Combination_264,0.17482684472970147,0.8811643315480863,0.5683146205666104,-0.013984582414314856
Combination_265,0.141318183721337,-1.2854408287781613,0.7006042869101489,-0.048339687421304414
Combination_266,0.15336425332641268,-0.5065652848854573,-1.3751238956361513,0.44490005139409583
Combination_267,0.17114876970356177,0.6433471197617913,0.7791443399560023,-0.18670829086607338
Combination_268,0.17930079540738109,1.1704413224396684,1.9188652195419178,0.19594918651561843
Combination_269,0.13871673541930757,-1.4536454405378492,0.5996316741053469,0.7316395780866407
Combination_270,0.14237426904620573,-1.217156395865899,-1.6650682164882806,-0.8955431519005866
Combination_271,0.15109526207483434,-0.6532738672778603,0.011181069851711824,0.7958521209888898
Combination_272,0.15516075261752904,-0.39040711808543055,0.2822491097086056,-0.6354416401285128
Combination_273,0.16315198000919612,0.12629017697522413,0.2847562138539761,-1.877114164134976
Combination_274,0.16519767182899692,0.25856065033467085,-0.04490398839927459,-1.9801790217475523
Combination_275,0.15593047020844872,-0.34063866854743874,-0.9788295164507386,0.13497549504590248
Combination_276,0.16670461306695528,0.35599655389566376,-0.4490158327092698,-0.496362340588302
Combination_277,0.17863818313497465,1.127598095480139,0.35279048561678217,-0.1763745769042252
Combination_278,0.17943457008765057,1.1790909343271891,1.5803160010967512,0.05204704344481448
Combination_279,0.15254348635719167,-0.559634488411545,0.31580956994328546,0.18980390112289713
Combination_280,0.1776220769681115,1.0618986375395343,0.8883323245798068,1.5095515140975477
Combination_281,0.14397859326544166,-1.1134238972332242,0.5795331558243818,0.7304918802132447
Combination_282,0.17064499630688273,0.6107741070530045,0.0721060545719179,-1.6260951209659593
Combination_283,0.14953871486840406,-0.7539171967412913,-0.5876694857704714,-1.9308030494798638
Combination_284,0.18122559441640337,1.294895100658307,0.15947569628999597,-0.6910243838149053
Combination_285,0.13300352934810505,-1.823050286430818,1.3308420790500421,-0.5274846788348855
Combination_286,0.1774468146987664,1.0505665184471353,-0.09362588248563483,-1.2920676670315316
Combination_287,0.1505121808862576,-0.6909747682999633,0.3319271774933661,-0.6327714855785136
Combination_288,0.16414478940940874,0.19048331107819938,-0.4779735784973897,0.1544927016960771
Combination_289,0.1870025653833891,1.6684228612871737,0.24924360546099478,-1.0030760068394398
Combination_290,0.17383286882525234,0.8168957735391025,1.602653299639399,-0.9247730943334984
Combination_291,0.18983283179415222,1.8514224090496676,1.1359456745743224,0.04092938928665468
Combination_292,0.17453229994461425,0.8621196358749924,0.16662992584851175,0.4563581839551308
Combination_293,0.19417085202792184,2.1319104005495007,1.755806716455946,0.4448792265746743
Combination_294,0.1846949333007974,1.5192158375559188,1.3747860380842034,0.08937550981801219
Combination_295,0.1772013730477182,1.0346967363753534,-0.996661715548611,0.25544955148078663
Combination_296,0.18051699260803042,1.2490782793220523,-0.25688655477896,-1.5817924025663768
Combination_297,0.17677676131712827,1.0072421637679434,-0.5832050020964803,2.081493616893566
Combination_298,0.15621791800512233,-0.32205285040800313,-1.0894850179878652,-0.7529097774950391
Combination_299,0.13380663843486792,-1.7711228074052912,0.41347768885358066,-1.7622120234560703
Combination_300,0.15353708565146193,-0.4953902812877482,0.7291576285723342,-0.34159531712066366
Combination_301,0.16319633193080818,0.12915788637761094,2.2915584148821155,1.1082654528775586
Combination_302,0.1486316650485989,-0.8125652823742057,0.296973113946984,0.5142937707179155
Combination_303,0.1663660999642307,0.3341089519106722,0.5811867384917974,0.7775905108677961
Combination_304,0.16593975489286258,0.30654230484365663,-0.3937970122950948,1.141896066280974
Combination_305,0.15298398648663267,-0.5311526026885373,-1.032702801479671,-0.3926632385020739
Combination_306,0.17619513420380306,0.9696352804370488,-0.4708120398290311,-0.11809468884079022
Combination_307,0.15646476639740664,-0.30609211117082735,0.04986320808315951,-0.1381490416802939
Combination_308,0.15017693086293887,-0.7126513858866974,-0.437077457574153,-1.6849353805708853
Combination_309,0.1537322455808976,-0.4827716180084642,1.6490838190266277,0.41427224027042886
Combination_310,0.13871574396328074,-1.453709546165449,-0.33929978603060734,-0.5253521626818868
Combination_311,0.1856343755932974,1.5799583577733383,2.330009469969348,1.7629035503370145
Combination_312,0.1378187717927607,-1.5117060305022192,0.5682974957793385,-0.972672740332367
Combination_313,0.13271994363478024,-1.841386389736497,-0.7779913123416559,-0.6278234572438786
Combination_314,0.15187775238344464,-0.6026795585372884,-0.6520833440083507,0.10101416877980293
Combination_315,0.13973183214767762,-1.3880112509363054,-1.3914346365289947,-1.3819205629877411
Combination_316,0.18496073621750153,1.5364021396530751,0.8771245355673334,1.021742431653624
Combination_317,0.15211495323905366,-0.5873426103474452,1.3117839028102063,0.9439791826552383
Combination_318,0.13375693445151385,-1.7743365707602885,-1.257129647204467,1.1615151060934685
Combination_319,0.17287595075236478,0.7550233031885236,-0.015306984558089248,0.6676186675206328
Combination_320,0.1375745922457097,-1.5274942073725142,-0.44647146539623983,1.0852242706927429
Combination_321,0.1729056356683254,0.75694267239543,-0.4774270962069021,0.5009755751111745
Combination_322,0.17546040578458097,0.9221291630148227,-0.4384758719734909,1.1268937601974183
Combination_323,0.17752460863680916,1.055596523900457,0.4803229796400418,-0.6274989168419884
Combination_324,0.1514349278888265,-0.6313117332135315,-1.1536363584463236,0.54708165784903
Combination_325,0.17720006682042078,1.0346122782466778,1.3595870997320958,0.1972961228348007
Combination_326,0.14905094364885801,-0.7854555396510032,1.478886839228176,-0.6566419058697541
Combination_327,0.16523515947846784,0.2609845291871243,0.43464931749265356,1.8572070834990257
Combination_328,0.15925834509334008,-0.12546472003526365,-0.9858002844976722,-0.6098424058529603
Combination_329,0.15616868942250706,-0.325235875271431,-0.3413522828295975,1.7281380035053215
Combination_330,0.15538586753591935,-0.3758516232022088,0.44484833724357387,0.8414769557145174
Combination_331,0.1835004969909641,1.4419858977525986,1.38677130491399,-1.482306478055304
Combination_332,0.16445925353303165,0.2108159526244785,-0.055230621858234484,-0.7191048415029558
Combination_333,0.19535267857198396,2.208325017305938,2.196123454524685,1.0852425481756898
Combination_334,0.18357128220397634,1.4465627326117658,0.10006286525534311,-0.8444496320441992
Combination_335,0.18652055926700786,1.6372572787889732,0.9921128324624188,0.06940480637808386
Combination_336,0.14520277337642773,-1.034270780820452,0.5074687371686823,0.25129948856766887
Combination_337,0.1703788284807292,0.5935642106171803,-0.7933864015622577,-0.9165087076931027
Combination_338,0.16838467903601506,0.46462636746370867,-0.024148683442727956,0.17256821051247406
Combination_339,0.17049489353804057,0.6010687525635631,-0.9505838349224943,-0.531499415399699
Combination_340,0.1558159156694903,-0.3480455433009288,-0.9074955364507142,0.3367150702918571
Combination_341,0.1586584931323928,-0.16424998673678223,0.9007065964216381,0.45163191097010763
Combination_342,0.1652118487837574,0.2594773047880994,0.9703385183942906,-0.6788462152789241
Combination_343,0.1515491294295709,-0.623927682641285,-0.15764632534810125,-1.4478155197010785
Combination_344,0.13838258328194203,-1.4752510709439552,-0.8320934732195355,0.7805378023552678
Combination_345,0.16619145918399547,0.32281701710114263,-1.6922688187196024,-0.3295637013608515
Combination_346,0.1521614680289349,-0.5843350540692926,-0.3618741935297512,0.9589573345901818
Combination_347,0.17670632790312935,1.0026880755520229,0.15578046342052282,0.05882014130607585
Combination_348,0.1645800684067894,0.2186276085083821,-0.6597715790807188,-0.9587764927108763
Combination_349,0.1616864387351225,0.03153111494387701,-1.8054106720525784,-1.19701608123335
Combination_350,0.1739381224938233,0.8237012720164114,1.3183816672651705,2.471594454425353
Combination_351,0.17122265706519119,0.6481245335459237,1.1473141422917308,-0.5839329800711248
Combination_352,0.15377317355411874,-0.4801252944815265,-0.8350755329360696,1.1318287767859532
Combination_353,0.15566489051632015,-0.3578105373756193,-0.13395488978402514,-0.35259308768714437
Combination_354,0.15586515834174758,-0.34486160742852107,0.7016539053542521,-0.0450529301173285
Combination_355,0.17622832341493944,0.97178123058699,1.8234844761119957,-1.1462424771842608
Combination_356,0.15861946158114582,-0.1667736912896485,-0.8510061247041059,-1.795247854787676
Combination_357,0.20256925136736498,2.6749346456178413,1.8117607684986385,-0.18869179972477534
Combination_358,0.1406971761377259,-1.3255939770915992,1.3399018999928307,0.9290689474008578
Combination_359,0.14938060298072747,-0.7641404053518505,0.1006154271953432,-1.0752977125466656
Combination_360,0.16148181014343369,0.018300226291160522,-1.7992482987057319,-0.11940557210814115
Combination_361,0.16202695671843353,0.053548348626876116,0.24127092768818384,0.6171316239144472
Combination_362,0.1463672346766174,-0.9589789671200657,-1.6796316091018797,-0.6926047858066409
Combination_363,0.16983188509547906,0.558199910008647,-0.41442555487825794,-1.5178017950274092
Combination_364,0.14835010666179083,-0.8307703026714723,-0.9999488831940152,0.040635399190876526
Combination_365,0.13695464066778973,-1.5675790764020023,-0.39624723386322097,0.015997943629199984
Combination_366,0.16340178139921638,0.14244185133008613,-0.3048580434758478,-0.9240686052151276
Combination_367,0.15448682753582885,-0.4339818093964456,0.3847791698805241,-0.054499921674760504
Combination_368,0.16773331107021638,0.4225101756045847,-0.634356682326193,-1.0422949433006714
Combination_369,0.1741873406859302,0.8398152379230533,0.5393762864024116,0.2020246365633397
Combination_370,0.17588838534651408,0.9498014930779957,-0.2930842018553944,-0.3708626726992811
Combination_371,0.14940765385888233,-0.7623913479309337,-0.5183947133912811,-0.6822864368486363
Combination_372,0.18160373022214382,1.3193446299252887,1.6325376734082215,1.247052627791996
Combination_373,0.17506411936776925,0.8965060503688967,1.191333385633679,0.45120246641391587
Combination_374,0.18063417097036955,1.2566548054165794,0.73407183336668,0.38691840152458207
Combination_375,0.15818445623014754,-0.19490029527442507,0.2210474026624046,1.1784207713756776
Combination_376,0.18339458399066852,1.435137768162199,0.07948873025285065,0.22551410013595818
Combination_377,0.17056159116885122,0.6053812922696359,-0.8188681226129637,-1.009687024343766
Combination_378,0.1563587782877327,-0.3129450971882471,-1.2735770976198557,-1.2184072970741302
Combination_379,0.15480000985957437,-0.4137320465491434,-1.3739285771619525,-0.8776170195050705
Combination_380,0.18157048099748993,1.317194799417469,-0.10172476833556213,0.2820717779545825
Combination_381,0.17551213811689378,0.9254740754873527,-1.0860632182625678,-0.12840407374280471
Combination_382,0.16643020617291718,0.3382539352782372,0.006911855580726406,-1.3677022644888512
Combination_383,0.1407861751262453,-1.3198394747633253,-0.751526208205196,-0.7968434555330285
Combination_384,0.17848313957572357,1.1175732790464148,-0.5616284394730239,-1.026689218603246
Combination_385,0.18701748428394543,1.6693874885196276,0.5512799082041951,-1.5245653246550515
Combination_386,0.17259511135017938,0.7368647710452684,-0.23529746028364693,0.5675370770994099
Combination_387,0.16906790441343303,0.5088023978938744,-0.01349502531744657,-1.7578668828291615
Combination_388,0.15400683464948656,-0.46501722033720205,-0.5098484566750735,0.327764694359002
Combination_389,0.1733521945142731,0.7858163030003097,-0.17024736344293895,-1.1756925399666331
Combination_390,0.15471477041730874,-0.41924346389374995,-0.16855939754412294,-1.8908365111394894
Combination_391,0.14698050415461858,-0.9193261497372334,0.5196088943168974,-1.954064517922468
Combination_392,0.15780503314129093,-0.2194330577759898,0.29179008314633914,0.8367495987889357
Combination_393,0.16505482166815055,0.24932423543984977,-1.603778900456632,0.9425784680924548
Combination_394,0.15414649372003203,-0.45598713516445655,-1.627902697378004,0.566612661413957
Combination_395,0.15216120358579288,-0.5843521524509909,-1.3401436222965843,0.23000882134777217
Combination_396,0.14678713815994476,-0.9318288206672156,0.15584165059144342,-0.31965536892069235
Combination_397,0.16077988183187175,-0.02708509965873497,0.5898002570847507,0.8469014869576459
Combination_398,0.1418876216624913,-1.2486220737260723,-1.5402084375199767,-0.13996204929481332
Combination_399,0.1485922689219826,-0.8151125596647674,0.6238772232384592,0.8822163064016699
Combination_400,0.15661905947564575,-0.29611581938668147,-1.528404634196204,-0.7661783378294968
Combination_401,0.16859187170346315,0.4780230442919096,-0.6521056015807586,0.7946706062396633
Combination_402,0.1671631674623299,0.38564579350750433,1.1263806114673223,1.1423379553132775
Combination_403,0.16121848764388583,0.001274303166151679,-0.5714995549270588,-0.9494711129601682
Combination_404,0.16879188305728612,0.4909553912814988,1.364462095373133,1.0676245049895043
Combination_405,0.15145140217249067,-0.630246537919976,-1.828416911802998,0.6024842496027732
Combination_406,0.18199300453830314,1.3445143537158848,0.6719557368534075,1.044579660161224
Combination_407,0.1985911868454236,2.4177206937026186,-0.12513143172535135,0.32421970898254565
Combination_408,0.15652901371010974,-0.30193800429067214,2.093206382622246,0.3402403149110449
Combination_409,0.15023328481252202,-0.7090076485872235,-0.2937484223487941,0.8775394812733253
Combination_410,0.15405151274327944,-0.4621284212729531,1.3430843540221424,0.3744682521808271
Combination_411,0.16815535141947227,0.4497984876721855,-0.15027194530918186,-0.7281578145641122
Combination_412,0.17559137348404794,0.9305972809569379,0.43338512000369517,0.11818890348849681
Combination_413,0.14369957894327076,-1.1314644232354267,1.209576444348611,0.08223753505370746
Combination_414,0.16943037939808073,0.5322393287826033,0.9360997372044084,1.6567082207749002
Combination_415,0.1931636188727372,2.066784654369133,-0.6779896823255653,1.516768474754698
Combination_416,0.15254077355690268,-0.5598098928272449,-0.4052957632084585,-1.204064609335482
Combination_417,0.14434993135432067,-1.0894138951806167,-0.3114103716975512,0.3323035309557488
Combination_418,0.14635001071533896,-0.9600926351170606,-1.5953729997521133,-1.1580710986970617
Combination_419,0.1535015621868943,-0.4976871597462951,-1.4333843884935802,0.9121145256256169
Combination_420,0.15754802978795435,-0.2360503971385267,-0.5985138544567599,-0.36532287552856707
Combination_421,0.1278070461737086,-2.159044830002268,-0.7032376518659739,-1.3588087962609925
Combination_422,0.1628779477443061,0.10857178115336864,-0.11191202786140764,2.359514621124493
Combination_423,0.13609898295732262,-1.6229042477213882,-0.9094681845011472,1.563888733734378
Combination_424,0.15756696196776254,-0.2348262790378834,-0.6948020674147461,1.3920050814315155
Combination_425,0.17950522803157926,1.1836595402137604,-0.6148117449924545,-0.7859544283243114
Combination_426,0.1580943556163754,-0.2007260265591989,-0.3294708112809441,0.4582430494147929
Combination_427,0.13539557938105964,-1.6683849614312816,-0.9558495801545113,-0.1417307310431597
Combination_428,0.13774012426404886,-1.516791227475964,-1.0724093653283613,-0.32287872699083175
Combination_429,0.15750079501577083,-0.2391045060787228,-0.14167887833176937,1.0041186050553281
Combination_430,0.1662238419366672,0.32491082320776743,-0.7620254287933161,0.40275876638238794
Combination_431,0.16945025847720224,0.5335246715599962,-0.10512989292288656,-1.5711355503862592
Combination_432,0.1776473825228107,1.0635348457241147,-0.09063850127410097,-0.3542405808188164
Combination_433,0.15537754679288848,-0.37638962634067863,0.5677211503915478,-1.3079874081861305
Combination_434,0.12304616673966244,-2.4668740788917027,-0.5436952585244073,0.07268832592760216
Combination_435,0.15228130002589982,-0.5765869490963255,0.9788211747865961,-0.5609451630422322
Combination_436,0.18474766827529002,1.5226255789310477,0.22920766753927874,-0.023974304582232903
Combination_437,0.17470392884887428,0.8732168286138521,0.20208197262844715,0.4681126014353779
Combination_438,0.14748362144306418,-0.886795559716836,0.93143956495621,0.8524021477243098
Combination_439,0.17827930916809628,1.104393999430126,1.1961846830928025,-0.4559435776210803
Combination_440,0.1680840985993242,0.4451914182407302,-0.9921326308299812,-0.55875760526537
Combination_441,0.13881302807978144,-1.4474193434988731,0.7024458402283265,-1.05115817202853
Combination_442,0.13994550264952285,-1.3741957298746963,1.0436459332811645,-0.5323994152388454
Combination_443,0.14842134318239444,-0.8261642871370122,-0.7098447900313117,0.04135689500908274
Combination_444,0.14901331309167792,-0.7878886586393145,-0.6022178116573393,0.4561760622994977
Combination_445,0.15634593846186481,-0.31377529547567234,-0.5014865431492737,-0.43464307041892736
Combination_446,0.1573934692600958,-0.24604398169738195,-1.2691256925209955,-0.5285237631098656
Combination_447,0.17651004061708686,0.989996519576691,0.33966273859030394,-0.6709990017229341
Combination_448,0.1625290825100358,0.08601483038055849,-0.24398143149684698,-0.8617365535507892
Combination_449,0.15446824180423732,-0.43518352682599565,-1.4249264017904624,0.02645785643882323
Combination_450,0.12941855499913343,-2.0548477886401804,-0.2532799897710506,2.2611606691696355
Combination_451,0.131685461885569,-1.9082739772633424,-0.8269692493142808,1.7801640994853989
Combination_452,0.1843282536965856,1.495507044104776,1.1768409779975415,1.4003471783135881
Combination_453,0.14979871066923917,-0.7371063715157808,0.29089280100074233,0.4506174273880494
Combination_454,0.2015216761327391,2.6072004586682693,0.7660707344004096,1.1470030429960365
Combination_455,0.17343217387547646,0.7909876136850167,1.670057061992434,0.7471409796552102
Combination_456,0.14589279637442518,-0.989655229401317,-1.3052221740482999,0.0779094889945477
Combination_457,0.1667134908365858,0.3565705732958679,0.8976579078061347,-0.45769028240009685
Combination_458,0.14172620901182617,-1.2590587032824045,-1.9149342162006997,-0.0791449733755043
Combination_459,0.18140845425262025,1.3067184637185323,1.1223133783659298,1.96999964549649
Combination_460,0.16502193822135805,0.24719805542053577,-0.5668208406638876,1.2059012414938672
Combination_461,0.14578602101151467,-0.99655911768918,0.16656047727605078,-0.720599030029435
Combination_462,0.14455607915037433,-1.0760847777142921,-1.1996477475408693,-1.702409654700329
Combination_463,0.18679814180933904,1.6552052286781402,-0.09426256889034829,0.7523510471157351
Combination_464,0.15629689910046815,-0.31694608566136767,-1.9331155683002597,1.4087307272520921
Combination_465,0.12378642442048403,-2.4190104501170753,-1.317543535039852,-0.5319570597189164
Combination_466,0.18725937150077057,1.6850274477546288,1.6109568531384966,2.6499032347234497
Combination_467,0.15125437211288195,-0.6429861201963637,0.021476190975741438,-0.5308975433148956
Combination_468,0.1691014794330573,0.51097329367386,-0.32567619404666803,-0.5575217812723425
Combination_469,0.17187345659317235,0.6902039713160545,0.5877907091012129,0.4027763053715585
Combination_470,0.17636611587736167,0.9806906244915556,0.8879007371495853,1.341811780999084
Combination_471,0.1389568265749526,-1.4381216111422386,-0.7468238378108456,0.7712341468778486
Combination_472,0.13847105689563696,-1.469530538334899,1.1368798184503328,0.5258893959390613
Combination_473,0.13603833987460712,-1.626825312067012,0.5360377894903952,0.856781975981817
Combination_474,0.17226381471312122,0.715443771761836,-0.35485901830630384,-0.33923273048447417
Combination_475,0.1705265085692278,0.6031129192850275,0.201094476465873,0.8086867901648829
Combination_476,0.18099923101174553,1.2802588810696378,0.6366854446309773,-0.05022153978670124
Combination_477,0.17977515510270425,1.2011125021529196,0.9025739085132962,0.6364163612894248
Combination_478,0.16818465164735827,0.4516929836928021,-0.363723662784978,-1.182329001225982
Combination_479,0.1812631538154676,1.2973236187005819,1.330713547142148,-0.6977900983646016
Combination_480,0.13269782195154953,-1.8428167349547315,-0.7533695646285438,-0.41244842070039206
Combination_481,0.13760725144763514,-1.5253825265922487,-1.1812149667450818,0.30330120260535726
Combination_482,0.1586481057667768,-0.16492161369138436,0.12344532158304192,-0.9289192430644369
Combination_483,0.15601424212326354,-0.3352221386872068,-0.2657328815383495,-0.043249669060363205
Combination_484,0.15155222339665508,-0.6237276327184076,0.7477808696352453,0.42302543557361233
Combination_485,0.1886701522125789,1.776245797826262,0.09699353225836953,-0.7949290803186404
Combination_486,0.17022794551172873,0.5838084098956855,-0.3821827882085923,-1.4626086153819564
Combination_487,0.1465955452864609,-0.9442168450131674,0.17378601355027262,0.6351642008253917
Combination_488,0.17933050715115514,1.172362426281063,1.5628372568156326,-0.0839540691250785
Combination_489,0.14489582837241627,-1.0541172506469125,-0.9565809853432171,-0.7488497758630331
Combination_490,0.1523018947011665,-0.5752553372573173,-0.05937949697861687,0.4162608809956925
Combination_491,0.17468213840431282,0.8718079006468143,1.4082732264663336,-0.22018831714290218
Combination_492,0.16251788941088977,0.08529110625550881,0.30499114807669875,-0.9556763911947226
Combination_493,0.1281657188779481,-2.1358537472049144,-0.6198733709854939,0.6753374517493467
Combination_494,0.15932253504842495,-0.12131432178768038,1.394538479958247,-0.007488052469095341
Combination_495,0.17524090861521757,0.9079369009097799,0.11951413686070275,-0.8561408492900273
Combination_496,0.14365591636350256,-1.1342875611285026,-1.1618810064781444,-1.7373594562517305
Combination_497,0.14613554708385315,-0.9739594384060212,-0.4853861782855299,1.8985517022682177
Combination_498,0.1653212498708765,0.26655096732085276,0.7495832982088317,-1.417465480365235
Combination_499,0.17089091256643035,0.6266745763916928,1.463199528073822,-0.04111093988104597
Combination_500,0.17695122885799883,1.0185228972554803,0.35387038473774374,-1.6323533410596307
Combination_501,0.16666995684217817,0.35375574948331306,-1.1237219629054462,-0.9507093556581746
Combination_502,0.19020619543644848,1.875563379465506,0.24113675721121877,0.34294104945475856
Combination_503,0.16503648414623023,0.24813856676719698,0.42003326993931733,0.6187648892571009
Combination_504,0.15977706189881374,-0.09192549543877364,0.9686281342644798,-0.024299207735418327
Combination_505,0.16159769521090642,0.025793130442970765,0.8222713735373101,0.4060428149644424
Combination_506,0.15466573373097173,-0.4224140811152665,3.2366608323539396,0.8037925437918761
Combination_507,0.1743492228663223,0.8502822263626936,-1.1615761950842658,-0.6147396254611227
Combination_508,0.16224619327656628,0.06772376011419287,0.8588923453352748,-0.6646468439755879
Combination_509,0.15762869791533526,-0.230834552165977,0.3189343291259868,0.20545912507360353
Combination_510,0.15606804166261276,-0.331743564609057,-1.096134712435569,-1.024550606449353
Combination_511,0.17553914256491462,0.9272201308256758,1.3074245202382642,-0.589164748406852
Combination_512,0.13693525414228636,-1.5688325716158493,1.392653351435556,1.490633111866251
Combination_513,0.18125843063601357,1.2970182270594277,0.6087080456879315,0.005949223912502216
Combination_514,0.17082958743245885,0.6227094119320569,-0.4750562690315362,0.6816199809449206
Combination_515,0.1669692762937094,0.3731091658466731,-0.07333359927817679,-0.07628141833292712
Combination_516,0.13265288249872398,-1.8457224329881377,0.658742948050183,-0.25600755207056797
Combination_517,0.15944382115684436,-0.11347219678269171,1.1203824672763965,0.019752729925519824
Combination_518,0.1661218287016062,0.31831484488892064,-0.7523101941572624,0.2718702328779147
Combination_519,0.14450304049807533,-1.0795141543085724,0.1585218211793623,-0.20712127443635697
Combination_520,0.15383530718890973,-0.4761078539238635,-1.1502922779873677,0.21291741104515144
Combination_521,0.15096242562177037,-0.6618628152103365,0.04154036829326191,-1.172330542684085
Combination_522,0.17212545103036858,0.7064974438563799,2.0442231391854953,0.7256348709554709
Combination_523,0.17647434646047938,0.9876886045012436,0.9675179228682128,0.839758489268756
Combination_524,0.16240548643642352,0.07802334749744363,-0.045238848427838735,1.327460619174569
Combination_525,0.18645645823544701,1.6331126301643295,-0.43125887712967503,0.5456031832429115
Combination_526,0.1700860807296526,0.574635707684815,-0.36999433853276725,2.5501267031798287
Combination_527,0.14917222724273307,-0.777613577231585,-2.0424843673409794,-0.9889937582842618
Combination_528,0.16614089273851876,0.31954748861470583,-0.9316696075369895,-0.7674205164639144
Combination_529,0.1527259824709642,-0.5478346429405386,1.5881523179519772,-0.6001766355469678
Combination_530,0.14360848969201037,-1.1373540779065505,1.90904455657741,0.21815647998864185
Combination_531,0.18397747016641197,1.4728260600319742,1.2020441659721557,-0.4400702754652056
Combination_532,0.1542195391989047,-0.45126415588979985,-1.3326794590472701,0.0056566797809800284
Combination_533,0.16147607208673198,0.01792921465160103,0.4461560899084319,0.016835498443319302
Combination_534,0.14933893606776982,-0.7668345072918347,-1.0254301244498711,-1.0817635755789292
Combination_535,0.16932484030624548,0.5254153753894993,1.5687217291156874,-1.131736548887082
Combination_536,0.1802655569766505,1.2328209380841668,0.5864524371045301,0.2744598863887506
Combination_537,0.1707327303243041,0.6164468187985994,-1.205121588103278,-0.3879636926694415
Combination_538,0.1358914396510632,-1.6363235961764209,-0.940058752563157,2.259229334359609
Combination_539,0.16334886079327157,0.1390201073845734,0.17726335756286613,1.7787025922162272
Combination_540,0.160784230437668,-0.026803927225254168,0.3221985340403919,-0.1319024397780305
Combination_541,0.16828205443103175,0.4579908591490739,0.22916474115248514,-0.8291678053120408
Combination_542,0.15534056164774146,-0.3787810142362126,-1.2261284048475647,-1.093226597977891
Combination_543,0.16223957372141,0.06729575249081893,-1.488751379269504,0.6582233389758619
Combination_544,0.1268878593818355,-2.2184776687563703,-0.01694148345087986,-1.7115106292701463
Combination_545,0.1671382799225874,0.3840366133609008,0.3236116914556814,-1.2595789459549906
Combination_546,0.1536792479566674,-0.486198341807231,0.9188602056112527,1.062061486262153
Combination_547,0.12871692231035503,-2.10021400019311,0.8260185733818908,0.7758370048403334
Combination_548,0.1486179989424245,-0.8134489063468743,1.1556063112968011,0.9638499016171125
Combination_549,0.19138670569162128,1.9518928875302113,1.8579603636380724,1.2085232783957693
Combination_550,0.16360756856063932,0.155747650859245,2.2189284470998962,0.265345787538337
Combination_551,0.14883560168132356,-0.7993791344487328,-1.1619991991639922,0.5268041927139347
Combination_552,0.14570020736018818,-1.0021076622802034,-0.11265370800623063,-0.3149763518884543
Combination_553,0.16718766713760067,0.3872298950881289,0.8538022479639726,-1.3406621137282166
Combination_554,0.152082245198263,-0.5894574489542022,-0.5395224325568827,-0.27741592207623067
Combination_555,0.1616024637427383,0.026101454481091413,-0.42014282953121945,-0.8636809722680243
Combination_556,0.14442763464320615,-1.084389750926342,0.33151910326763007,-0.12592887516734755
Combination_557,0.16122195867160014,0.001498733099522571,-1.4187387907146511,-0.3009088517768552
Combination_558,0.16170331810816244,0.03262250253236509,-0.44979182698745224,1.668655144889347
Combination_559,0.14331281167348806,-1.156472046260033,0.41244289321952793,-0.4423908756855368
Combination_560,0.1667508045551175,0.3589832061104587,-0.42282688292785375,-0.2548279254700104
Combination_561,0.17066284967346124,0.6119284711784025,-0.3282805758429062,-0.8835348649840113
Combination_562,0.15172407126775608,-0.6126162820074507,0.8845248682287826,-0.38995723779226377
Combination_563,0.14389728628636958,-1.1186810491195416,-1.0269926447156936,-1.1995129444827284
Combination_564,0.15401751365563204,-0.46432673647047307,-0.23265130531133807,-0.6393105572394333
Combination_565,0.1715241049563707,0.6676155706970632,-0.9237528503474974,2.165160087696935
Combination_566,0.14698610093376005,-0.9189642728312571,-0.6502660157052024,0.12635014112215476
Combination_567,0.13625774205464178,-1.6126391917881007,-0.5903783186158864,1.1606364173401786
Combination_568,0.17802486694551803,1.0879422578250133,-0.5083985566192881,0.004638388957947104
Combination_569,0.18260511854293054,1.3840924604269422,1.0071333242457,1.4583896676179553
Combination_570,0.18505015702573469,1.5421839160275512,0.3920134162280349,-2.0228149631175234
Combination_571,0.1438798567238541,-1.1198080108945547,-0.4972270332890717,0.5466545048718284
Combination_572,0.15209380234851552,-0.5887101859892767,1.9843091716179515,1.4303363956197241
Combination_573,0.1529349305192899,-0.5343244665825637,-0.2985972943029031,-1.2672567180908212
Combination_574,0.13569410920651354,-1.6490826007616552,0.2660791170371576,-0.1397964299108844
Combination_575,0.15355366627059924,-0.49431821054832537,0.22744530180014877,-2.4581986019492077
Combination_576,0.1861198878388997,1.6113506398003932,-1.3201756923667434,-0.4843897221546428
Combination_577,0.13816466570097646,-1.489341199920698,-1.4121850896565598,1.7792252093955074
Combination_578,0.14478268176000086,-1.0614330915953603,0.35062796500800486,-0.21010051207762653
Combination_579,0.1773598754932227,1.0449451976990884,-0.43507178345395325,-0.2859146458937847
Combination_580,0.14725640735272133,-0.9014867829952822,-1.7176159100441664,-1.7645601176152363
Combination_581,0.16062332253792802,-0.03720792056377947,-0.8927199125183002,-0.169871545330747
Combination_582,0.1535687806757687,-0.4933409423660113,0.2129164453448443,-0.1056970021414706
Combination_583,0.15274355596252315,-0.5466983749921693,1.186160289245211,-2.025866682494324
Combination_584,0.18376688280348255,1.4592098887648357,0.6635246573528806,1.4266587879132324
Combination_585,0.1622621669175408,0.06875658482049694,0.22071820249007237,-0.6691132246563538
Combination_586,0.1570790530823497,-0.26637352315607127,1.3533793117999835,2.234619320176629
Combination_587,0.17806048058764778,1.0902449669901775,-0.0757345656492256,-2.2958443908954496
Combination_588,0.1577410640177599,-0.22356917748275187,0.3835769539102436,-0.23819207539027898
Combination_589,0.16765241974701928,0.41727989922258535,-0.28981376646855445,0.6811986774306926
Combination_590,0.15393059130771466,-0.4699469672370339,-0.15541274751390582,-1.0335114101073013
Combination_591,0.17054591057292545,0.6043674152889567,0.5190411118080231,-2.3499806997287536
Combination_592,0.14634815915529048,-0.9602123534058541,-1.324995237672499,-0.2595773238261976
Combination_593,0.14232090404510458,-1.2206068735420348,-1.3710147237052808,-1.0363024060041996
Combination_594,0.17852064905191692,1.119998569172492,-0.49535887528741984,-1.36397775808368
Combination_595,0.15806254911966652,-0.2027825730706851,0.9789500360062796,-1.3219014359691623
Combination_596,0.15131320650368094,-0.6391820023690978,-0.476920208129255,1.8618852408724913
Combination_597,0.1634084066737192,0.14287022875533756,0.618672608118205,0.5645000851652816
Combination_598,0.17413604648282968,0.8364986540373333,1.772290203427041,-0.1781224567503101
Combination_599,0.16932403325298195,0.5253631928876389,-0.5285114589851103,0.062463479888459766
Combination_600,0.16745913092480208,0.40478221811427056,-1.4489238034498617,0.09937721495301738
Combination_601,0.1597654514069772,-0.09267620736727153,0.04897201778465893,1.383173660038266
Combination_602,0.1524714209707174,-0.5642940968088218,-0.14039373147439432,0.966285009057943
Combination_603,0.1727281514654883,0.7454668873842881,0.3002407181157931,0.07621940320323639
Combination_604,0.1733205122367456,0.7837677882606473,1.7277649998464821,-0.008852616749346093
Combination_605,0.17495951754604608,0.8897426990470287,1.7676653999722913,0.6817765763917427
Combination_606,0.11534819416435987,-2.9646100851599684,-2.3655094128233953,2.5675852744586174
Combination_607,0.15325161900344106,-0.5138480021900745,-0.12011398797154359,-0.27758957209648516
Combination_608,0.135252808830792,-1.67761622886018,0.8399340771510528,-1.63075751815586
Combination_609,0.12907885095167984,-2.0768123948061192,0.23003718454578925,1.9521158065508242
Combination_610,0.1961463745648462,2.2596438639001466,-0.643722016911462,-1.3500827498103436
Combination_611,0.1559929284719723,-0.3366002381242886,0.1782552778092812,0.4132518847450922
Combination_612,0.16957705717646898,0.5417232300188196,-0.5051764792244774,0.7167599185912101
Combination_613,0.18279074896504297,1.3960949642083353,0.2107011293752961,1.5914056097927918
Combination_614,0.16190187370521741,0.04546072310714692,0.7181686787310324,-0.5080755046120573
Combination_615,0.1606505690243398,-0.03544621549159569,-1.0365871465460068,-1.3917197888523367
Combination_616,0.17326506311054873,0.7801825550899236,-0.3699793064298086,0.2814539795919561
Combination_617,0.1731590284199496,0.7733265572400441,1.0382172479791836,1.3645087700017826
Combination_618,0.18781739713415035,1.7211083050760587,-0.5182090891724136,-0.14825322063258511
Combination_619,0.164043691300452,0.18394650304190535,-0.23082529868330318,-0.16279038644977506
Combination_620,0.16362031592989895,0.15657187108134235,0.5261640646592005,1.1131074023104195
Combination_621,0.15506339635156896,-0.3967019857963949,2.31804877989285,-0.1677306987280857
Combination_622,0.16715239822294328,0.38494947533406243,0.6050152623165594,-1.7949896808405919
Combination_623,0.1440917638330499,-1.1061065073883765,-0.9021248773027182,1.419164232393007
Combination_624,0.17815817029682632,1.0965613944942234,1.1161737520634207,-1.4322156918679576
Combination_625,0.1639655696774842,0.1788953101156111,0.7154889063731212,0.242685079800812
Combination_626,0.17404516377540044,0.8306223540905385,-1.1480622301537715,-0.960747810357588
Combination_627,0.16796818224654578,0.43769649124161164,0.5342613878917243,2.680338259172462
Combination_628,0.16171166549307986,0.03316222828365082,-0.44680203075641856,0.28836485607473794
Combination_629,0.1831039593099411,1.4163465388491272,-0.3264369852518172,0.31652786399629274
Combination_630,0.14286979888262338,-1.185116395807105,0.8754314664803222,-0.8430082731345567
Combination_631,0.17624056752733208,0.9725729111941888,-0.6490033498704648,-0.6758851141421056
Combination_632,0.143785966449475,-1.1258787742987801,0.8862212969981906,1.4837785667496841
Combination_633,0.1662721583748482,0.3280348705776529,0.8691871791203325,1.2436627422695887
Combination_634,0.1578691169419705,-0.21528952326677683,-0.033929673997178555,-1.3101951902858004
Combination_635,0.16344463657053732,0.14521278375580832,1.7714417186612972,0.18939848201274587
Combination_636,0.16792662182846746,0.43500927505438997,0.3049337920211568,1.6446120613173356
Combination_637,0.14074388058337664,-1.3225741580384944,-0.5851518992870555,0.3304712765133332
Combination_638,0.18007525559557194,1.2205164191372861,-1.0824776695506386,0.6657298509145765
Combination_639,0.15129293579336694,-0.6404926672613419,-1.018456311954268,1.0377433142142618
Combination_640,0.15193717299611584,-0.5988375367384757,-0.39625427098459065,-1.8837164347546667
Combination_641,0.19559992354618524,2.224311398762228,-0.6382352618174498,0.3451371319753413
Combination_642,0.17005439735750222,0.572587122168957,-1.3971696293896652,0.21238608994318045
Combination_643,0.160603099100931,-0.03851552885485122,0.13612280510498914,-0.38156368462199997
Combination_644,0.1720357128156942,0.7006951445957954,0.4889584158416806,1.265728617722587
Combination_645,0.15286133074110206,-0.539083285778021,0.19280479234918935,0.24171929316384297
Combination_646,0.14719974690312213,-0.9051503379925231,1.1412241639688572,0.2011727553152532
Combination_647,0.18275716760998645,1.3939236587915644,-1.5984051576147573,0.26590377583363245
Combination_648,0.1416498746753847,-1.263994333721439,-2.3666717995606597,1.0879996951763478
Combination_649,0.15747204200166576,-0.2409636203154698,0.18733759298375893,0.4677808373434402
Combination_650,0.2050481509536297,2.835215494625537,1.4175210519778987,0.465191112373497
Combination_651,0.162355305969103,0.07477877561147374,-1.817191855408466,2.1552965061076486
Combination_652,0.14540251764059772,-1.021355703330837,0.5465079485445471,-1.0054003294458433
Combination_653,0.17782710808190372,1.0751555524923213,-2.2621251347905873,1.6027116405647703
Combination_654,0.16037913961314826,-0.05299631583147839,0.7059352661882886,0.047931390366097726
Combination_655,0.19946652449399074,2.4743183317264124,0.12419754136295048,1.4947713772036024
Combination_656,0.14839047337428335,-0.828160269176852,-0.4183829922568928,-0.08324424912349238
Combination_657,0.15758589806016002,-0.2336019079567905,-0.13292220875398936,-0.10964371836126982
Combination_658,0.14912424345359349,-0.7807161161583386,-0.1572305101472637,1.2460061240756282
Combination_659,0.17402018616627865,0.8290073502322115,-0.8768721008529728,-0.6490859601290994
Combination_660,0.14911972928951478,-0.7810079932699021,1.3387842997051769,-0.9309184955001519
Combination_661,0.16451200852704584,0.21422698842312166,-0.1977320567247545,-1.3524420886758168
Combination_662,0.1855594751561991,1.575115440490331,1.8071029389545537,-0.9337713124406826
Combination_663,0.16236226048381674,0.07522844107147551,-0.18763610454744659,0.23810464506152065
Combination_664,0.16499260978655744,0.24530173559541874,-1.2248157495871106,0.11808729590066429
Combination_665,0.14587936245875197,-0.9905238403856145,-0.5849831468503548,-0.8741099000342014
Combination_666,0.15488145101264256,-0.40846621923194915,0.46004579884121044,-0.06076489337908769
Combination_667,0.1409451902837256,-1.3095578624756576,-1.01894022726594,-0.645138185555453
Combination_668,0.14364143483606218,-1.1352239086618732,0.8749058740524538,-0.5153658204718824
Combination_669,0.1614202436867475,0.014319458371906154,0.2881747965241495,0.4620143173281477
Combination_670,0.14523931137706028,-1.031908304423716,0.4797635718103372,-0.23736746886604185
Combination_671,0.1520445079670124,-0.5918974652814297,-0.97744989715416,0.43487704182182185
Combination_672,0.168602649748799,0.478719931840983,0.0031693540393242514,0.21076412248678816
Combination_673,0.1282448957447286,-2.130734324256253,-2.7925850866789435,-1.2049238234687683
Combination_674,0.13801751938502127,-1.4988553958890758,-0.5502938974140968,3.199642677199399
Combination_675,0.17043377584853248,0.597117001061395,-1.2567450414703942,2.3732089286370806
Combination_676,0.15159335357836898,-0.6210682347817298,-0.6361654201498402,-1.5745277406782852
Combination_677,0.17825820784956048,1.1030296290180122,0.3267977845282437,1.2859013810190913
Combination_678,0.1521337702435518,-0.5861259392594136,0.5596956690233611,0.6515283322058829
Combination_679,0.1467481905769756,-0.9343470959937692,1.6487400368244496,-0.8891688631401515
Combination_680,0.18877489605349723,1.7830183318343915,0.951049824935922,-1.890503873482312
Combination_681,0.18098948750017096,1.2796288844710901,0.44174963762395614,-0.013066770674524053
Combination_682,0.17925480456600665,1.1674676436577938,1.2656060506576239,-1.04960931908552
Combination_683,0.18149600912168518,1.3123795920781642,0.5433197785024758,-0.8738927563935956
Combination_684,0.14757818903015363,-0.8806810025837873,0.020648240136972893,-0.07426823252459655
Combination_685,0.16650303415476192,0.3429628516160633,0.1627425303966491,-0.23290669442162443
Combination_686,0.15054107037859826,-0.6891068296446741,-0.34190697261464936,0.3779835890473664
Combination_687,0.1675067721035107,0.40786260451372564,-0.20731154652638312,0.24691680536373817
Combination_688,0.15984029878067402,-0.08783672106109232,-1.0301187918508112,-0.10082843452801961
Combination_689,0.15406250607796784,-0.46141761353106386,-0.8089092830794807,-0.04250145720543842
Combination_690,0.16484341696531402,0.23565521655638724,-0.20065522134603894,-0.49225453653689
Combination_691,0.1388698729995785,-1.443743861015705,-0.6619514204519058,-1.3735617409879262
Combination_692,0.17770133950749004,1.0670235999125528,0.6163309408363151,-1.6279061370307117
Combination_693,0.14021934553191986,-1.3564895791582627,0.8139116341479545,1.867254470957262
Combination_694,0.18165863151511633,1.322894441260129,1.375989654208173,1.002461639621789
Combination_695,0.16766630550142958,0.4181777252250292,1.211159546221642,-0.44174966764877704
Combination_696,0.1718796975832751,0.6906075016558304,-0.25208090935893734,0.20536875092961526
Combination_697,0.15153820316723138,-0.6246341536149237,-0.12908586776729639,-1.5935887284015156
Combination_698,0.16100707942127396,-0.01239494329917085,0.3799682760116625,-0.4592872585381784
Combination_699,0.15015488185951764,-0.7140770317691326,0.09323913412721235,0.6277542437992724
Combination_700,0.14727758224890528,-0.900117655194859,-1.0959381596949478,-1.506678478682097
Combination_701,0.16149132749770434,0.01891559999619478,0.8960672188308825,1.207715437653365
Combination_702,0.15350273567742237,-0.49761128412019817,-1.3735854468484858,-0.4015157829550396
Combination_703,0.1618142951626037,0.03979806406167361,0.16411120568834345,0.27060677449200965
Combination_704,0.1564427258867005,-0.30751720793074383,2.2146714653128527,0.011263156139625159
Combination_705,0.16807916934199563,0.44487270200309925,-0.41872666302678163,-1.03843201239781
Combination_706,0.1363259155325182,-1.6082312266674548,-0.27567366705254975,0.05671178929801873
Combination_707,0.16814921956026396,0.44940201352480613,-1.5591530041865471,0.5600216650256079
Combination_708,0.15508215708500445,-0.3954889530863537,-0.6391328136849881,-0.039515566601325436
Combination_709,0.16121496431291998,0.001046491405776416,1.6635159318166417,-0.9539771826637702
Combination_710,0.14267231153933221,-1.1978855451612664,0.7280687511383693,-2.031839968196431
Combination_711,0.1574830790315688,-0.2402499873255798,-2.6557449800534565,1.3081432493024232
Combination_712,0.16750916796253976,0.4080175161210404,-0.8462861354138077,1.7613727487819189
Combination_713,0.17844089881515562,1.1148420732307076,0.7461317043155231,0.1772973997041561
Combination_714,0.15125745396748602,-0.6427868534430045,1.2300476641835232,2.379286865377232
Combination_715,0.17006234318626487,0.5731008840765406,-0.14921520549603312,1.998397793133023
Combination_716,0.15908005371396924,-0.13699269551868018,-0.4333827726509702,0.26539279756435036
Combination_717,0.14988938551302816,-0.7312435116296165,-0.14427695664300333,1.422335688235871
Combination_718,0.15916141540180656,-0.13173200626949827,-0.46183916237458655,-0.7300844619724463
Combination_719,0.14888614920392101,-0.7961108294790413,-1.2460589533062718,0.27136625567697564
Combination_720,0.1740916514535205,0.8336281573746922,0.508005817022025,-1.0363272720712071
Combination_721,0.14413617845783147,-1.1032347437204189,0.1256158684206163,-0.04195786737625523
Combination_722,0.1635763458520826,0.15372885095967737,0.41954109970095627,-0.3527556013798265
Combination_723,0.17878810373801407,1.137291671481381,0.23252390458508987,-0.5774719218621195
Combination_724,0.13536403692887763,-1.6704244353347546,-0.9194616126407712,1.2904746696806042
Combination_725,0.14625964582522746,-0.9659354539983941,0.47333733132857647,0.7442532672390438
Combination_726,0.14669687783348428,-0.9376648786652714,0.07721000562112541,1.773314156211507
Combination_727,0.16263811515367027,0.09306467007076473,0.337692658373838,0.3636984255389264
Combination_728,0.18053714554288133,1.250381329080824,1.2635654418351745,0.8971451488854221
Combination_729,0.1617870640509049,0.03803735308867099,0.9511198639572832,0.331315042903801
Combination_730,0.1714854356889205,0.6651152907132493,1.5452026146554108,-0.4508737345962294
Combination_731,0.1580467570196964,-0.2038036596870417,0.3071113557781226,-0.32365704662220734
Combination_732,0.13788232980866777,-1.5075964922186695,1.1913585939399822,-0.29654328335677105
Combination_733,0.16973060043837643,0.5516510401303294,0.7586593377746867,-1.2732380055735553
Combination_734,0.15575892112878087,-0.3517306999826787,1.3874448337230738,-0.8789266045696589
Combination_735,0.1794399216559393,1.1794369563740659,-1.1424769200505829,1.905782960176315
Combination_736,0.1670236544422116,0.3766251516726795,0.08197790740141266,-1.0030176582879262
Combination_737,0.14734804522392655,-0.8955616556204524,-0.0941276055583895,0.8258212806073568
Combination_738,0.15050308931141307,-0.6915626119314565,-0.9928331608951885,2.465783116769134
Combination_739,0.18858328501916988,1.770629133243452,1.5004613745402606,-0.2157663562703433
Combination_740,0.1434173475860838,-1.149712956494769,-0.9847673968923997,1.7660088867294865
Combination_741,0.1487916329184845,-0.802222069546513,-0.26371963340680127,-0.7557863152535588
Combination_742,0.15794902345709103,-0.21012292266878246,-0.8832323456725727,0.7565124996776371
Combination_743,0.12338092630800856,-2.445229173174156,-0.23518411353513602,1.6157474355234795
Combination_744,0.19792680014384018,2.3747627355871495,-0.9883964312495032,0.27150197925324787
Combination_745,0.16567921457088686,0.2896962719351866,0.8219404094677247,1.0688689663159192
Combination_746,0.15807422269691873,-0.20202778216132025,0.08981233923631483,0.02277594349610107
Combination_747,0.15970754665045303,-0.09642021684175915,-1.6462834407275733,-1.466063419652196
Combination_748,0.14418511324090674,-1.1000707153665594,0.03549474935357802,0.18482089524544354
Combination_749,0.15455552651709706,-0.4295398662436676,-1.300539870912858,0.3362432814736787
Combination_750,0.18359181548048611,1.4478903745259977,-0.4188747600894881,-0.36497327567756277
Combination_751,0.16941826545914948,0.5314560649394504,0.009580922217290039,0.4777107244320803
Combination_752,0.1455272535051938,-1.0132905237689274,-0.07770108443020851,0.4876888150768479
Combination_753,0.1482908424998349,-0.8346022086698667,-0.08923706510828971,-0.3385407384797464
Combination_754,0.17282045695152526,0.7514351814418797,-0.11371047282096751,1.2669944913603295
Combination_755,0.14931864399665548,-0.7681465533320828,0.13655184760752587,-0.47772864934590925
Combination_756,0.16460683763211761,0.2203584548027046,2.5487769358716945,1.0879620334414897
Combination_757,0.15285593445660464,-0.5394321990883969,0.9580436996921948,0.7978696945395255
Combination_758,0.15732141628110874,-0.2507027878505507,-0.3329450004012866,-1.8565404794460736
Combination_759,0.16915739238736233,0.5145885170722552,1.1844036709478192,-0.44246641353489763
Combination_760,0.15926106285503863,-0.12528899482442496,-0.9908593412404357,0.26047939741967985
Combination_761,0.15391775481948788,-0.47077694971904555,0.026941861118244176,-0.1379716140263862
Combination_762,0.14638060033043493,-0.9581147698152276,-0.4538578326476493,0.943471135000767
Combination_763,0.1508425413296113,-0.669614301489333,-1.4343913729364535,2.201657329087127
Combination_764,0.13870831620572682,-1.4541898105914712,1.135879209617039,2.294944009255317
Combination_765,0.16940116327479204,0.5303502708024533,-0.6508692491885233,-0.06967559594236772
Combination_766,0.1589800409734452,-0.14345932573299008,0.9477326018150689,0.11125068173621754
Combination_767,0.18023022744300385,1.2305365988235901,0.8401605152114049,-0.8526509491545309
Combination_768,0.16933552441058336,0.5261061888954804,-0.9354724075857518,-0.8538503447349522
Combination_769,0.14859339545292272,-0.81503972035473,-0.5232569446094506,-0.47390399317950965
Combination_770,0.15822369120952212,-0.19236343745259088,1.4766080039536946,-0.2689973563365609
Combination_771,0.13594241736617582,-1.6330274757913936,0.8312654129162085,1.3291933443746615
Combination_772,0.15248496206688855,-0.5634185557409891,-1.5871883379296325,-0.03627042937906725
Combination_773,0.15182342241296856,-0.6061924292653805,0.3434559406948294,-1.0241159566720621
Combination_774,0.13733184944593194,-1.5431894869451375,1.1011125753879807,-1.0332995015773376
Combination_775,0.1310557928356399,-1.948987159223481,1.1386214007270306,0.8226095636030801
Combination_776,0.1536847574607081,-0.48584210794033883,-1.095004047648996,-1.9707815402314441
Combination_777,0.14749941866741106,-0.8857741417681972,-0.0485287851824936,-1.3713321403107206
Combination_778,0.16733736579597044,0.3969091205766352,-0.5036064111943415,0.16842068802333923
Combination_779,0.19009291568435777,1.868238929963362,0.6328811412965077,0.05529853641328031
Combination_780,0.1488306321497368,-0.7997004547419432,0.8036466045593678,1.8718220975227715
Combination_781,0.16225293620939957,0.06815974509934898,-0.5238835565093912,0.12133322063113486
Combination_782,0.11890365501237463,-2.7347208687951663,-2.0505592577048777,0.7827978293512203
Combination_783,0.16857674895231783,0.4770452364749515,1.2589262534228756,0.32045338538904367
Combination_784,0.1644658085430884,0.21123978688665343,0.2237806512061839,1.1407429234883182
Combination_785,0.1440722373136398,-1.1073690543372547,0.3714681534575897,-0.36688657517754975
Combination_786,0.16460951411855834,0.22053151123526624,0.7389001984387141,2.02244614829288
Combination_787,0.130414159165633,-1.9904739503587332,1.0668614690614893,-1.7533964137470037
Combination_788,0.14818663910381358,-0.8413397985570593,-0.1046058799905477,0.6981506573417651
Combination_789,0.16485969317230847,0.23670760459588336,-0.7839663821158158,1.0430187111854563
Combination_790,0.15742021716957572,-0.24431451364454962,-1.0938539054130059,0.3804810745016849
Combination_791,0.16949651352336123,0.5365154333118363,0.651290939925877,0.5334696110094412
Combination_792,0.14529785350939114,-1.0281230834632937,0.40192860466790836,0.311448681943442
Combination_793,0.1806532691407635,1.2578896561472004,0.9180984113495834,-0.5892835221596177
Combination_794,0.14726596697782587,-0.9008686761399495,0.37482307823310923,-1.0276378486722897
Combination_795,0.1656321581512014,0.2866536949222893,-0.01953572177518642,0.9226941380232807
Combination_796,0.1469322504494909,-0.9224461409093184,-1.4617844076545246,-0.27366536357418947
Combination_797,0.1449006452227364,-1.0538058024288675,0.27794479948670636,0.04777887625196725
Combination_798,0.13873338414781516,-1.4525689659783785,-0.872190656459469,-0.7078108680985369
Combination_799,0.15523615725520454,-0.3855316001690482,-0.562637801214152,0.9451072502198812
Combination_800,0.15375544606963046,-0.4812715193146322,-0.02230519360585201,0.41964701936090354
Combination_801,0.1600201007942976,-0.07621107089092709,-0.5879195806030928,-0.5155071790600481
Combination_802,0.13571106896298205,-1.647986015736268,-0.08521850314335955,0.8183908110407867
Combination_803,0.1620417872901711,0.05450726468888114,-1.4895180924103095,-0.42429889819408434
Combination_804,0.17489338117894387,0.8854664495659439,-0.5571057187732744,2.6546606912517605
Combination_805,0.16213502379482841,0.06053575660835504,1.9773781780888464,-0.8835827254027439
Combination_806,0.17101774433795155,0.634875273238474,-0.8793068869700683,0.6924964965788112
Combination_807,0.16340093552467233,0.1423871587193708,0.6360238040132558,0.016257530712071977
Combination_808,0.1723288606591817,0.719649516729019,0.4548430293810271,-1.2824885177390524
Combination_809,0.17149431930445364,0.6656896880982015,1.0222289739390653,-1.5847928832533507
Combination_810,0.14030208732450047,-1.3511396550077561,0.527786735047451,-1.4078413689804024
Combination_811,0.1403191869419385,-1.3500340268427986,0.2033913313819419,-1.1777329951972608
Combination_812,0.15555080269213611,-0.36518723525518637,0.46241721420022697,0.7776315992674561
Combination_813,0.15428911252733366,-0.4467656791420227,-1.8208991082792307,-0.16392727970549942
Combination_814,0.14895347696295128,-0.791757546901986,-2.336387263913313,0.7839446713287774
Combination_815,0.1778034099717358,1.073623278559711,-0.4962536204766944,0.5930780868060276
Combination_816,0.1655105830800023,0.2787928861432927,-0.9991206818690156,-0.6818328514498749
Combination_817,0.1860309193562095,1.605598109919987,-0.588866815956799,0.5352312701756823
Combination_818,0.13917076694857963,-1.4242886406935904,-1.631256584765609,0.7496984781527819
Combination_819,0.17360709479165118,0.8022976615421522,1.4808016032912534,-0.9565223533242045
Combination_820,0.13605983836102586,-1.6254352615483585,1.1066710796243018,0.13217773443753014
Combination_821,0.15627379352918466,-0.31844004717664864,-0.22049321817465667,0.6036525845837133
Combination_822,0.16677401141350764,0.3604837166540007,0.7212692688793356,0.4271005873013872
Combination_823,0.16903350371974812,0.506578115627331,-0.1690426589238075,-1.5477813207152402
Combination_824,0.13878630165210026,-1.4491474225801788,-0.5651619103637519,0.33573204928704203
Combination_825,0.151668400300062,-0.6162158590199794,1.7975136261353928,-0.17221592339106895
Combination_826,0.12991620618846864,-2.0226706260078986,-2.589775991727766,-0.044705953172957114
Combination_827,0.1548047831953904,-0.41342341189470605,0.46349218704199946,1.1589485185456638
Combination_828,0.15022590479819145,-0.7094848260288377,-2.100327965776036,0.31516363840982237
Combination_829,0.1438140534929657,-1.1240627204328841,-0.19487737045719736,0.9917121019629018
Combination_830,0.16725454253417127,0.3915539287841505,1.1321562973180763,0.37958514485733913
Combination_831,0.17347346608726535,0.793657488172713,1.4407734592646735,0.20123796905547575
Combination_832,0.15618019086067583,-0.3244922145420028,0.44348047142052616,1.2115730916774745
Combination_833,0.17758587342565457,1.059557786561046,1.2258241113834207,1.0734858740782278
Combination_834,0.16165987230345819,0.02981338089532745,0.26367339219905916,0.11088493811071687
Combination_835,0.1779341674282765,1.0820778026011673,0.017397653495347425,-0.420547288655276
Combination_836,0.1393364888029116,-1.4135733863691975,-0.7233967952114428,-0.07892660296812015
Combination_837,0.18884715284956824,1.787690316405694,1.0050321925313888,0.17961122710296878
Combination_838,0.1477161690187243,-0.8717594836014452,1.6781595239596483,2.0731074703229817
Combination_839,0.15077721054553062,-0.67383846353156,-0.5476387320253472,-1.058691718027239
Combination_840,0.18276741101814814,1.3945859777358192,-0.4200629610280735,-1.1417051459218168
Combination_841,0.17644927697423174,0.9860676600457994,1.4525681885049648,-1.0913377680538734
Combination_842,0.1634551428259402,0.14589209789390287,-0.33963050057040056,0.9592403834841682
Combination_843,0.15095629210039646,-0.6622593968301261,1.3957840470399954,-0.12575956622955003
Combination_844,0.17538703673558054,0.9173852623220172,-0.6373926576709315,-1.919713479268456
Combination_845,0.1647560677887516,0.2300073878758219,-0.22220323012352683,-0.6525410204072561
Combination_846,0.16717492066632675,0.3864057329280496,0.11290560721973539,0.944243912791838
Combination_847,0.15893586842771462,-0.14631543703808622,0.34445189405889204,-0.9129750646244067
Combination_848,0.1457251822848864,-1.0004928319915083,-0.7222978379007443,-0.24476199935970344
Combination_849,0.16250589570611612,0.08451561652025738,-0.234400961068867,0.8537327663498369
Combination_850,0.18201235388983658,1.3457654453327912,-0.4275007121508622,1.1009918013489013
Combination_851,0.17955143229246992,1.1866470182884523,0.12385529877443008,0.07084484699371058
Combination_852,0.15991501227747887,-0.08300589097561077,-0.33324755723892874,-1.5154805287197002
Combination_853,0.13919496494455263,-1.4227240451124188,-0.5945723129213478,-1.3110208145372046
Combination_854,0.16076220798717594,-0.02822785624668655,1.4106877464464818,-0.7047466961304869
Combination_855,0.13714564023085565,-1.555229414359243,0.1895825424898208,-0.037981925077766376
Combination_856,0.19005967248475883,1.8660894890239335,0.5729560123318009,0.4960111321969798
Combination_857,0.16347460312545228,0.14715036319235344,0.4512711783703838,-0.6885329187352182
Combination_858,0.17053288081777454,0.6035249365417245,-1.4249415764155318,-0.8614243050813215
Combination_859,0.1966405867949641,2.2915986700860005,-0.18201585211979937,2.2786338710499625
Combination_860,0.1571591204238842,-0.2611965238334509,-1.0831636111180056,-1.1296881723257595
Combination_861,0.17556867381946065,0.9291295645829468,0.933085475861354,0.09176527537613124
Combination_862,0.14779215074947843,-0.8668466519636391,0.024362929227454255,-0.34193046694321916
Combination_863,0.16355142978427603,0.15211782624367037,0.1102363477099941,0.06894198634268706
Combination_864,0.175597156259215,0.9309711840059083,-0.5412205238042922,-1.733259711886708
Combination_865,0.13477569379927068,-1.7084655632786832,-1.0420197288339752,0.46114341534510855
Combination_866,0.18612867378531694,1.6119187220893623,1.9006813573628965,-1.2980767601252194
Combination_867,0.15005674294868102,-0.7204225037829011,0.4703442256746707,-0.5458852920272024
Combination_868,0.17983853355926338,1.205210430476592,0.2990507056888632,-1.3915420108597636
Combination_869,0.1565187130861518,-0.3026040226975629,0.927966637405602,0.8659999541659086
Combination_870,0.1846359825328901,1.5154041950100927,1.6669832122245434,0.033492820234689136
Combination_871,0.16482053274199396,0.23417556697197328,-0.7233439888553875,0.24843921571343397
Combination_872,0.18112348181148596,1.2882926972768889,1.6136048599355182,0.2208870021870012
Combination_873,0.16680459394745537,0.3624611241024942,-0.16112470753240346,0.13682286594061288
Combination_874,0.14507792128202693,-1.042343475576557,1.2207110340424683,-0.06939345412146347
Combination_875,0.15420865904665942,-0.45196764547399537,1.083284483430573,1.41219457851641
Combination_876,0.1584296709682745,-0.1790451849529078,-0.6001778535249951,-0.7584359386185062
Combination_877,0.1577832432155844,-0.22084195219487202,1.3686707772008082,-0.3724736648111964
Combination_878,0.15156281919530795,-0.6230425288870921,-1.6787404754491155,-2.0278229592273798
Combination_879,0.18452068877875288,1.5079495240339915,1.5705980249876876,-0.3847075918953148
Combination_880,0.1427013667496271,-1.1960068915038264,-0.35196320978136,0.20014289727163614
Combination_881,0.14744951635261935,-0.8890007288500552,-0.5932709796432891,0.33684128147967807
Combination_882,0.17164132688654465,0.6751949138034595,0.7285414134400998,-0.39755005713954594
Combination_883,0.1850386674023909,1.541441019221837,0.15469521309180015,0.9102121031317429
Combination_884,0.15068036063356752,-0.6801005913731951,0.3068022818759993,0.21211722587325343
Combination_885,0.15979524181330235,-0.09075001735758548,0.39161699296471253,-0.8308637487416479
Combination_886,0.17085293310509966,0.6242188979363543,0.7162884348841563,-0.1031835139962367
Combination_887,0.1747515178501255,0.8762938413199075,-1.4165526084713418,-0.9375106030688192
Combination_888,0.18645239398442628,1.632849843560228,0.3901966835315114,-1.0670946588875396
Combination_889,0.1633501698276591,0.13910474701426048,-0.30921877665938596,-0.7237679651348337
Combination_890,0.18714562098633897,1.6776725596707462,1.232823849313811,1.1493442165086523
Combination_891,0.16818587860028994,0.4517723160944332,0.7959447566214004,-0.7323775459789136
Combination_892,0.1774723097948774,1.0522149820125213,-0.8078216445198836,-0.56691916812733
Combination_893,0.1586707689844362,-0.16345625390520285,-0.08054322826534588,-0.02334630951307254
Combination_894,0.17021844689931187,0.58319424800264,-0.5236567164923697,-0.026604536622414354
Combination_895,0.15284246233642548,-0.5403032803020991,-0.41484992012887695,-1.7501208701503788
Combination_896,0.1383435523346137,-1.4777747364486096,-0.4351367798554268,1.373480874977134
Combination_897,0.18904923609765664,1.800756628068059,1.9479819289265456,-0.48009296387775086
Combination_898,0.1584620432855591,-0.17695205357821625,-0.7998865137763801,1.119271329513551
Combination_899,0.13679971463461063,-1.5775962938273993,-1.0692589202519724,-0.981626519431273
Combination_900,0.15345463092362716,-0.5007216443874413,2.959504077141958,0.22885175624025883
Combination_901,0.17054404892578806,0.6042470447885188,-0.4111132517738796,-0.3437027216742697
Combination_902,0.17477604224830787,0.877879541436142,0.23821583960137807,-0.22757052156557692
Combination_903,0.16843586721123638,0.4679360957919909,-0.5961816154393378,0.36514198946770504
Combination_904,0.1600269613770949,-0.07576747888682457,-0.46016925924855734,-0.22229014433402897
Combination_905,0.1662341416234472,0.3255767810185481,0.9884062370683164,0.4197125728258552
Combination_906,0.1264835981330896,-2.244616418598812,-1.0864796193989945,0.11347454850177549
Combination_907,0.19480873050576333,2.173154388228013,1.8243745472788395,-0.5045904728416875
Combination_908,0.14145451445643448,-1.2766259473330472,-0.08990390251724072,0.8752919131984928
Combination_909,0.16646731967607722,0.3406536225544393,-0.9269942835116198,-0.8490518999318639
Combination_910,0.18559986246111002,1.5777268054508642,-0.09359852919715163,0.6078649295280155
Combination_911,0.1452961592822407,-1.0282326289114385,-0.886396224518233,0.5308758273581381
Combination_912,0.18956784130184193,1.8342886367412616,1.4028709163967765,0.950305698066881
Combination_913,0.18099124646621706,1.2797426158109177,-0.35007818944098346,0.22500648934207795
Combination_914,0.16740313137786358,0.4011613958038061,0.05524307226353457,-2.3392335909620696
Combination_915,0.1626341830326293,0.09281042673539959,0.481407496257334,-0.493621058051385
Combination_916,0.1461821923393811,-0.9709434464716865,-1.1223705639462236,-1.2224550867500499
Combination_917,0.15010043672650025,-0.7175973486842334,-1.0342114069322066,-0.22373436693005846
Combination_918,0.16393768138635498,0.17709210719269514,-1.7566712684836894,0.4968125910729775
Combination_919,0.16573686487017777,0.2934238286975077,-0.842971864006024,-1.692048549834618
Combination_920,0.16068450315362354,-0.03325210037613442,0.553280211629485,-0.8511433526179797
Combination_921,0.17748503041838326,1.0530374729059493,1.537437315228305,0.4525408523522386
Combination_922,0.16763917504753467,0.41642352259079,-1.1611302953189269,-0.28551620587560445
Combination_923,0.13865736994436254,-1.4574838972380144,1.3743633967205462,-1.4483675758849601
Combination_924,0.14744254670740747,-0.889451372618779,1.5369511289721034,-0.4852076846424449
Combination_925,0.16485841098342696,0.23662470074465203,-1.1347800607650937,-0.03881460662046793
Combination_926,0.18182804814857575,1.333848592851166,-0.2969029960043854,0.3772726714957132
Combination_927,0.1492193213590392,-0.7745685628281628,-0.48830358032042687,0.34697830461598217
Combination_928,0.17248778537272103,0.7299252810865294,0.3895386567450303,-1.8554268847331816
Combination_929,0.14560600097018186,-1.0081988651090017,-0.36192097264338663,-1.4223315630165982
Combination_930,0.1445846962182306,-1.0742344534988495,-0.6450583056134396,-0.1341769301942365
Combination_931,0.1552203780419558,-0.3865518535549441,-0.8447810218517642,-1.8923242322175429
Combination_932,0.14981936546355276,-0.7357708724955679,-1.7484224869129896,0.3948269063531069
Combination_933,0.14213952435767657,-1.2323345330465967,-0.7343090116510407,-1.2599004273066645
Combination_934,0.16203325982100789,0.05395589503883945,2.407570866362947,-0.9920382019105346
Combination_935,0.1590465591943161,-0.13915838632635066,0.00019414218043395381,0.7799733285486625
Combination_936,0.1609451012063137,-0.016402334711414796,-0.6845277323772916,1.5064721541127286
Combination_937,0.17565783143902228,0.934894323687359,0.9453310966826691,1.1831635159751133
Combination_938,0.17511214742593734,0.8996114516453444,-1.6677942719813932,0.4159117761609733
Combination_939,0.1689528734419221,0.5013647179337387,1.0013181503138462,0.5032423692200332
Combination_940,0.18356570774703654,1.446202299016142,-0.2978897875621866,-1.3044186290597386
Combination_941,0.16528186504620831,0.26400442079237874,0.449129631530328,8.89218416521842e-05
Combination_942,0.151676328305598,-0.6157032495277334,0.24128015407959855,0.5403559879677876
Combination_943,0.15686604059069448,-0.2801464985524611,-0.5150236706778478,-0.8559768111360853
Combination_944,0.13051475056716097,-1.9839699050439854,-1.4437640465744677,0.3684699871689914
Combination_945,0.1457484658019396,-0.9989873648471962,-0.012208415337333245,-0.6163598133114693
Combination_946,0.1677962445984352,0.42657933572299084,0.5386591574788512,-0.925135464270457
Combination_947,0.1524521079049276,-0.5655428422597791,0.06054924041951931,0.38628570306946963
Combination_948,0.1630506878008593,0.11974081884872005,-2.248990812732908,-0.4306666522856889
Combination_949,0.17567664213200632,0.9361105866851064,0.8223547478015928,0.22968752419530114
Combination_950,0.14087106986079248,-1.3143503455525662,-2.1251110869840364,1.073778357045536
Combination_951,0.1695661490802894,0.5410179336339211,1.086220325579838,-0.3528073863779384
Combination_952,0.15357481161206257,-0.49295099369893003,-1.4751821472590168,0.973211806853167
Combination_953,0.18954950950195742,1.833103338044369,1.3424229808102366,-0.8168033654258958
Combination_954,0.15867065460775348,-0.16346364928011548,-0.07141208406258617,0.4032920867616768
Combination_955,0.18308686216645587,1.4152410706451688,0.3756614977752548,1.5867602101177123
Combination_956,0.16647374920626312,0.3410693435310478,2.222877393617533,0.7856842653368582
Combination_957,0.17501865521721655,0.8935664263960753,-0.9879418508927402,0.2037800727335918
Combination_958,0.17275079346551891,0.7469308752796615,-1.6638254002276427,0.9943118319357014
Combination_959,0.1415347691079479,-1.2714368369097517,-0.5772420977975402,-1.0614816559362168
Combination_960,0.15886827912551002,-0.15068563049054276,0.6472472625373826,-1.6622874100035787
Combination_961,0.1584760172888164,-0.17604852157614226,0.9150626766068084,-0.20797415543403514
Combination_962,0.17980039802369732,1.202744660563297,1.0718128488637515,-2.1647563869427486
Combination_963,0.17625597508376778,0.9735691339699443,1.485915554827867,0.24039556632822112
Combination_964,0.16086072970267162,-0.021857632824632982,-1.0287356282419553,-1.390106740815907
Combination_965,0.15147563685381407,-0.6286795703350573,-0.22844540363343324,0.21398647465078155
Combination_966,0.13642557254525597,-1.6017875971232456,0.8445306428293302,0.12045628073867533
Combination_967,0.1922705137692353,2.009038207100532,-0.3323083931613944,-0.9458539552757111
Combination_968,0.13879401677814837,-1.4486485774635618,-1.3456694461861611,0.8518209707789222
Combination_969,0.17798237145500742,1.085194581664277,2.3770557304815676,-0.4832756267857794
Combination_970,0.1653895716159026,0.2709685191084054,-0.6090805700855706,0.09810778372535513
Combination_971,0.1954377762154603,2.213827266215299,-0.37014414857474726,1.543012852432734
Combination_972,0.18030633243164185,1.2354574000775853,-0.34166559734391994,-0.5665480214232409
Combination_973,0.16692227310773275,0.3700700308223478,-0.22886220841208071,0.22078861804496797
Combination_974,0.1663925325347235,0.3358180307549763,-0.20727082664899318,0.12286787226020589
Combination_975,0.15036957490371275,-0.7001953950984474,-0.571905217022723,0.2612616450837946
Combination_976,0.12620177795273566,-2.262838365960018,-0.09783078387599387,1.1323858777812736
Combination_977,0.18425158752869447,1.4905499580865111,-0.2529136494837275,1.3817877209856002
Combination_978,0.15666110512297796,-0.29339722921512923,-0.4147235577528312,-1.5369210742968311
Combination_979,0.15483903140913588,-0.4112089886859007,-0.46795734660431926,-0.6756201979240632
Combination_980,0.14228825571300238,-1.2227178515005697,-2.392953553171399,0.9467182226784572
Combination_981,0.17630232975629517,0.9765663373699253,0.35930744749220533,1.229672644056154
Combination_982,0.16896483529659798,0.5021381483033177,1.4652470597634726,-0.49981230088098977
Combination_983,0.16096343350134845,-0.01521700399906518,-0.5887366807768313,-0.21391102073704873
Combination_984,0.16604549494117496,0.31337925169359343,0.15726419070541825,0.637195468633633
Combination_985,0.1457546654199618,-0.9985865095460668,-0.10583545930470979,-0.12415741601206605
Combination_986,0.17004397131715993,0.5719129945814135,-1.378917105955009,1.305768666605692
Combination_987,0.1904727255011289,1.8927966975433166,0.4225048193146172,-0.2990696775253896
Combination_988,0.14881106233432384,-0.8009658011265617,-0.2032337158491766,1.0307830837053453
Combination_989,0.16193495750552653,0.04759985759703406,0.5975062662838354,-0.2601339672903285
Combination_990,0.13781260201603185,-1.5121049563230822,-1.4961824857714188,-0.3801540101452884
Combination_991,0.14676811527820446,-0.9330588033792232,-1.6040081744280739,0.036009420843274076
Combination_992,0.16058433821830487,-0.0397285712112717,2.031287842727444,-0.8703168676662472
Combination_993,0.16146141512774886,0.016981524054248173,-1.039867414681524,-0.418418299164217
Combination_994,0.146687411740129,-0.9382769379387399,1.2145604989907957,0.7072161337056189
Combination_995,0.1402518388268314,-1.3543886256043813,-0.09765666790491953,-1.5536434489463193
Combination_996,0.18407782773551062,1.479314986194457,2.133055852331054,0.5636691303603624
Combination_997,0.16436806972763152,0.2049201842657013,0.31457204815475276,1.698921376640127
Combination_998,0.17525369969370008,0.9087639472856236,0.03470541097668794,-0.02604830695061297
Combination_999,0.18247240881726626,1.375511706442832,-0.4007668064789848,0.38558675508464657
Combination_1000,0.16239536291642162,0.07736878028954133,-0.009892420511697801,-1.4493858823388963
