combination,pca_x,pca_y,accuracy
A1+B1+C1+D1,-140.29412240447607,230.3628211658858,0.14189230068488692
A1+B1+C1+D2,-140.29412240447593,230.3628211658858,0.1503924063563746
A1+B1+C1+D3,-140.2941224044761,230.3628211658858,0.15827066897557956
A1+B1+C1+D4,-140.29412240447598,230.36282116588583,0.1572913836318049
A1+B1+C1+D5,-140.29412240447587,230.3628211658858,0.15632564681802597
A1+B1+C1+D6,-140.29412240447607,230.36282116588578,0.1585509406260001
A1+B1+C1+D7,-140.294122404476,230.3628211658858,0.17272091395109446
A1+B1+C1+D8,-140.294122404476,230.3628211658858,0.14834361066423943
A1+B1+C1+D9,-140.29412240447604,230.36282116588583,0.1337697873664035
A1+B1+C1+D10,-140.29412240447604,230.36282116588578,0.14690971956679666
A1+B1+C2+D1,-140.29412240447596,230.3628211658859,0.14135732692303749
A1+B1+C2+D2,-140.29412240447581,230.3628211658859,0.14985743259452522
A1+B1+C2+D3,-140.29412240447598,230.3628211658859,0.15773569521373015
A1+B1+C2+D4,-140.29412240447587,230.36282116588592,0.1567564098699554
A1+B1+C2+D5,-140.29412240447576,230.3628211658859,0.15579067305617664
A1+B1+C2+D6,-140.29412240447596,230.36282116588586,0.15801596686415056
A1+B1+C2+D7,-140.2941224044759,230.3628211658859,0.17218594018924488
A1+B1+C2+D8,-140.2941224044759,230.3628211658859,0.14780863690239
A1+B1+C2+D9,-140.29412240447593,230.36282116588592,0.13323481360455403
A1+B1+C2+D10,-140.29412240447593,230.36282116588586,0.14637474580494705
A1+B1+C3+D1,-140.29412240447598,230.36282116588586,0.14246738703419443
A1+B1+C3+D2,-140.29412240447584,230.36282116588586,0.15096749270568194
A1+B1+C3+D3,-140.294122404476,230.36282116588586,0.15884575532488698
A1+B1+C3+D4,-140.2941224044759,230.3628211658859,0.15786646998111228
A1+B1+C3+D5,-140.2941224044758,230.36282116588586,0.1569007331673337
A1+B1+C3+D6,-140.29412240447598,230.36282116588583,0.15912602697530734
A1+B1+C3+D7,-140.29412240447593,230.36282116588586,0.17329600030040193
A1+B1+C3+D8,-140.29412240447593,230.36282116588586,0.1489186970135469
A1+B1+C3+D9,-140.29412240447596,230.3628211658859,0.13434487371571105
A1+B1+C3+D10,-140.29412240447596,230.36282116588583,0.14748480591610397
A1+B1+C4+D1,-140.29412240447604,230.36282116588583,0.14131242125180787
A1+B1+C4+D2,-140.2941224044759,230.36282116588583,0.14981252692329564
A1+B1+C4+D3,-140.29412240447607,230.36282116588583,0.15769078954250035
A1+B1+C4+D4,-140.29412240447596,230.36282116588586,0.15671150419872576
A1+B1+C4+D5,-140.29412240447584,230.36282116588583,0.15574576738494705
A1+B1+C4+D6,-140.29412240447604,230.3628211658858,0.15797106119292095
A1+B1+C4+D7,-140.29412240447598,230.36282116588583,0.17214103451801538
A1+B1+C4+D8,-140.29412240447598,230.36282116588583,0.1477637312311604
A1+B1+C4+D9,-140.294122404476,230.36282116588586,0.13318990793332458
A1+B1+C4+D10,-140.294122404476,230.3628211658858,0.1463298401337175
A1+B1+C5+D1,-140.29412240447593,230.36282116588603,0.141825238080064
A1+B1+C5+D2,-140.2941224044758,230.36282116588603,0.1503253437515516
A1+B1+C5+D3,-140.29412240447596,230.36282116588603,0.15820360637075662
A1+B1+C5+D4,-140.29412240447584,230.36282116588606,0.15722432102698175
A1+B1+C5+D5,-140.29412240447573,230.36282116588603,0.1562585842132031
A1+B1+C5+D6,-140.29412240447593,230.362821165886,0.158483878021177
A1+B1+C5+D7,-140.29412240447587,230.36282116588603,0.17265385134627126
A1+B1+C5+D8,-140.29412240447587,230.36282116588603,0.14827654805941645
A1+B1+C5+D9,-140.2941224044759,230.36282116588606,0.13370272476158054
A1+B1+C5+D10,-140.2941224044759,230.362821165886,0.14684265696197354
A1+B1+C6+D1,-140.2941224044761,230.36282116588586,0.15696325699669159
A1+B1+C6+D2,-140.29412240447596,230.36282116588586,0.16546336266817943
A1+B1+C6+D3,-140.29412240447613,230.36282116588586,0.17334162528738412
A1+B1+C6+D4,-140.294122404476,230.3628211658859,0.1723623399436096
A1+B1+C6+D5,-140.2941224044759,230.36282116588586,0.17139660312983085
A1+B1+C6+D6,-140.2941224044761,230.36282116588583,0.17362189693780464
A1+B1+C6+D7,-140.29412240447604,230.36282116588586,0.18779187026289917
A1+B1+C6+D8,-140.29412240447604,230.36282116588586,0.163414566976044
A1+B1+C6+D9,-140.29412240447607,230.3628211658859,0.14884074367820813
A1+B1+C6+D10,-140.29412240447607,230.36282116588583,0.1619806758786011
A1+B1+C7+D1,-140.29412240447584,230.362821165886,0.14214298915534257
A1+B1+C7+D2,-140.2941224044757,230.362821165886,0.15064309482683041
A1+B1+C7+D3,-140.29412240447587,230.362821165886,0.15852135744603518
A1+B1+C7+D4,-140.29412240447576,230.36282116588603,0.15754207210226046
A1+B1+C7+D5,-140.29412240447564,230.362821165886,0.1565763352884818
A1+B1+C7+D6,-140.29412240447584,230.36282116588598,0.15880162909645562
A1+B1+C7+D7,-140.2941224044758,230.362821165886,0.17297160242154985
A1+B1+C7+D8,-140.2941224044758,230.362821165886,0.1485942991346951
A1+B1+C7+D9,-140.29412240447581,230.36282116588603,0.13402047583685925
A1+B1+C7+D10,-140.29412240447581,230.36282116588598,0.1471604080372521
A1+B1+C8+D1,-140.29412240447604,230.3628211658859,0.1511803450388825
A1+B1+C8+D2,-140.2941224044759,230.3628211658859,0.15968045071037035
A1+B1+C8+D3,-140.29412240447607,230.3628211658859,0.1675587133295752
A1+B1+C8+D4,-140.29412240447596,230.36282116588592,0.16657942798580044
A1+B1+C8+D5,-140.29412240447584,230.3628211658859,0.16561369117202163
A1+B1+C8+D6,-140.29412240447604,230.36282116588586,0.16783898497999578
A1+B1+C8+D7,-140.29412240447598,230.3628211658859,0.18200895830509006
A1+B1+C8+D8,-140.29412240447598,230.3628211658859,0.1576316550182349
A1+B1+C8+D9,-140.294122404476,230.36282116588592,0.14305783172039913
A1+B1+C8+D10,-140.294122404476,230.36282116588586,0.1561977639207922
A1+B1+C9+D1,-140.29412240447604,230.36282116588586,0.14556729164939763
A1+B1+C9+D2,-140.2941224044759,230.36282116588586,0.15406739732088562
A1+B1+C9+D3,-140.29412240447607,230.36282116588586,0.16194565994009014
A1+B1+C9+D4,-140.29412240447596,230.3628211658859,0.1609663745963156
A1+B1+C9+D5,-140.29412240447584,230.36282116588586,0.16000063778253693
A1+B1+C9+D6,-140.29412240447604,230.36282116588583,0.16222593159051085
A1+B1+C9+D7,-140.29412240447598,230.36282116588586,0.1763959049156052
A1+B1+C9+D8,-140.29412240447598,230.36282116588586,0.1520186016287501
A1+B1+C9+D9,-140.294122404476,230.3628211658859,0.13744477833091442
A1+B1+C9+D10,-140.294122404476,230.36282116588583,0.15058471053130748
A1+B1+C10+D1,-140.29412240447587,230.3628211658861,0.1386185039150557
A1+B1+C10+D2,-140.29412240447573,230.3628211658861,0.14711860958654324
A1+B1+C10+D3,-140.2941224044759,230.3628211658861,0.15499687220574815
A1+B1+C10+D4,-140.2941224044758,230.36282116588612,0.15401758686197342
A1+B1+C10+D5,-140.29412240447567,230.3628211658861,0.15305185004819472
A1+B1+C10+D6,-140.29412240447587,230.36282116588606,0.15527714385616864
A1+B1+C10+D7,-140.29412240447581,230.3628211658861,0.16944711718126299
A1+B1+C10+D8,-140.29412240447581,230.3628211658861,0.14506981389440785
A1+B1+C10+D9,-140.29412240447584,230.36282116588612,0.13049599059657205
A1+B1+C10+D10,-140.29412240447584,230.36282116588606,0.14363592279696527
A1+B2+C1+D1,-35.8215375440974,-73.07225617140708,0.16318320614023926
A1+B2+C1+D2,-35.82153754409732,-73.07225617140705,0.17168331181172686
A1+B2+C1+D3,-35.82153754409742,-73.07225617140705,0.17956157443093174
A1+B2+C1+D4,-35.82153754409736,-73.07225617140702,0.17858228908715695
A1+B2+C1+D5,-35.82153754409726,-73.07225617140705,0.17761655227337836
A1+B2+C1+D6,-35.82153754409739,-73.07225617140705,0.17984184608135229
A1+B2+C1+D7,-35.82153754409738,-73.07225617140708,0.19401181940644668
A1+B2+C1+D8,-35.821537544097374,-73.07225617140706,0.1696345161195915
A1+B2+C1+D9,-35.82153754409739,-73.07225617140702,0.15506069282175577
A1+B2+C1+D10,-35.821537544097396,-73.07225617140706,0.16820062502214883
A1+B2+C2+D1,-35.82153754409732,-73.07225617140698,0.16264823237838966
A1+B2+C2+D2,-35.82153754409723,-73.07225617140695,0.17114833804987745
A1+B2+C2+D3,-35.82153754409733,-73.07225617140695,0.17902660066908235
A1+B2+C2+D4,-35.821537544097275,-73.07225617140692,0.17804731532530757
A1+B2+C2+D5,-35.821537544097175,-73.07225617140695,0.17708157851152886
A1+B2+C2+D6,-35.8215375440973,-73.07225617140695,0.1793068723195028
A1+B2+C2+D7,-35.821537544097296,-73.07225617140698,0.19347684564459722
A1+B2+C2+D8,-35.82153754409729,-73.07225617140696,0.1690995423577423
A1+B2+C2+D9,-35.8215375440973,-73.07225617140692,0.15452571905990603
A1+B2+C2+D10,-35.82153754409731,-73.07225617140696,0.16766565126029948
A1+B2+C3+D1,-35.821537544097325,-73.07225617140699,0.16375829248954651
A1+B2+C3+D2,-35.82153754409724,-73.07225617140696,0.17225839816103447
A1+B2+C3+D3,-35.82153754409734,-73.07225617140696,0.18013666078023918
A1+B2+C3+D4,-35.82153754409728,-73.07225617140693,0.17915737543646454
A1+B2+C3+D5,-35.82153754409718,-73.07225617140696,0.17819163862268586
A1+B2+C3+D6,-35.82153754409731,-73.07225617140696,0.1804169324306597
A1+B2+C3+D7,-35.8215375440973,-73.07225617140699,0.19458690575575416
A1+B2+C3+D8,-35.821537544097296,-73.07225617140698,0.17020960246889894
A1+B2+C3+D9,-35.82153754409731,-73.07225617140693,0.1556357791710632
A1+B2+C3+D10,-35.82153754409732,-73.07225617140698,0.1687757113714561
A1+B2+C4+D1,-35.82153754409737,-73.07225617140706,0.16260332670716007
A1+B2+C4+D2,-35.82153754409728,-73.07225617140703,0.17110343237864784
A1+B2+C4+D3,-35.82153754409738,-73.07225617140703,0.1789816949978526
A1+B2+C4+D4,-35.821537544097325,-73.072256171407,0.17800240965407785
A1+B2+C4+D5,-35.821537544097225,-73.07225617140703,0.17703667284029923
A1+B2+C4+D6,-35.82153754409735,-73.07225617140703,0.179261966648273
A1+B2+C4+D7,-35.821537544097346,-73.07225617140706,0.19343193997336736
A1+B2+C4+D8,-35.82153754409734,-73.07225617140705,0.1690546366865125
A1+B2+C4+D9,-35.82153754409735,-73.072256171407,0.15448081338867659
A1+B2+C4+D10,-35.82153754409736,-73.07225617140705,0.1676207455890697
A1+B2+C5+D1,-35.82153754409723,-73.07225617140685,0.16311614353541623
A1+B2+C5+D2,-35.82153754409715,-73.07225617140682,0.17161624920690383
A1+B2+C5+D3,-35.82153754409725,-73.07225617140682,0.17949451182610873
A1+B2+C5+D4,-35.82153754409719,-73.07225617140679,0.178515226482334
A1+B2+C5+D5,-35.82153754409709,-73.07225617140682,0.17754948966855505
A1+B2+C5+D6,-35.82153754409722,-73.07225617140682,0.1797747834765292
A1+B2+C5+D7,-35.82153754409721,-73.07225617140685,0.19394475680162354
A1+B2+C5+D8,-35.821537544097204,-73.07225617140683,0.16956745351476848
A1+B2+C5+D9,-35.82153754409722,-73.07225617140679,0.15499363021693266
A1+B2+C5+D10,-35.821537544097225,-73.07225617140683,0.16813356241732574
A1+B2+C6+D1,-35.8215375440974,-73.07225617140703,0.1782541624520439
A1+B2+C6+D2,-35.82153754409732,-73.072256171407,0.1867542681235314
A1+B2+C6+D3,-35.82153754409742,-73.072256171407,0.19463253074273645
A1+B2+C6+D4,-35.82153754409736,-73.07225617140698,0.1936532453989618
A1+B2+C6+D5,-35.82153754409726,-73.072256171407,0.192687508585183
A1+B2+C6+D6,-35.82153754409739,-73.072256171407,0.19491280239315673
A1+B2+C6+D7,-35.82153754409738,-73.07225617140703,0.20908277571825135
A1+B2+C6+D8,-35.821537544097374,-73.07225617140702,0.184705472431396
A1+B2+C6+D9,-35.82153754409739,-73.07225617140698,0.17013164913356027
A1+B2+C6+D10,-35.821537544097396,-73.07225617140702,0.18327158133395344
A1+B2+C7+D1,-35.82153754409716,-73.07225617140682,0.16343389461069477
A1+B2+C7+D2,-35.821537544097076,-73.07225617140679,0.1719340002821825
A1+B2+C7+D3,-35.821537544097175,-73.07225617140679,0.17981226290138733
A1+B2+C7+D4,-35.82153754409712,-73.07225617140676,0.1788329775576125
A1+B2+C7+D5,-35.82153754409702,-73.07225617140679,0.17786724074383378
A1+B2+C7+D6,-35.82153754409715,-73.07225617140679,0.18009253455180776
A1+B2+C7+D7,-35.82153754409714,-73.07225617140682,0.19426250787690208
A1+B2+C7+D8,-35.82153754409713,-73.0722561714068,0.16988520459004738
A1+B2+C7+D9,-35.82153754409715,-73.07225617140676,0.15531138129221117
A1+B2+C7+D10,-35.821537544097154,-73.0722561714068,0.16845131349260445
A1+B2+C8+D1,-35.821537544097374,-73.07225617140703,0.1724712504942345
A1+B2+C8+D2,-35.82153754409729,-73.072256171407,0.1809713561657224
A1+B2+C8+D3,-35.82153754409739,-73.072256171407,0.1888496187849272
A1+B2+C8+D4,-35.82153754409733,-73.07225617140698,0.1878703334411526
A1+B2+C8+D5,-35.82153754409723,-73.072256171407,0.18690459662737377
A1+B2+C8+D6,-35.82153754409736,-73.072256171407,0.18912989043534775
A1+B2+C8+D7,-35.82153754409735,-73.07225617140703,0.20329986376044223
A1+B2+C8+D8,-35.821537544097346,-73.07225617140702,0.17892256047358696
A1+B2+C8+D9,-35.82153754409736,-73.07225617140698,0.16434873717575124
A1+B2+C8+D10,-35.82153754409737,-73.07225617140702,0.17748866937614416
A1+B2+C9+D1,-35.82153754409738,-73.07225617140699,0.16685819710474986
A1+B2+C9+D2,-35.821537544097296,-73.07225617140696,0.17535830277623773
A1+B2+C9+D3,-35.821537544097396,-73.07225617140696,0.1832365653954424
A1+B2+C9+D4,-35.82153754409734,-73.07225617140693,0.18225728005166786
A1+B2+C9+D5,-35.82153754409724,-73.07225617140696,0.18129154323788896
A1+B2+C9+D6,-35.82153754409737,-73.07225617140696,0.18351683704586313
A1+B2+C9+D7,-35.82153754409736,-73.07225617140699,0.19768681037095742
A1+B2+C9+D8,-35.82153754409735,-73.07225617140698,0.17330950708410245
A1+B2+C9+D9,-35.82153754409737,-73.07225617140693,0.15873568378626643
A1+B2+C9+D10,-35.821537544097374,-73.07225617140698,0.17187561598665965
A1+B2+C10+D1,-35.82153754409723,-73.0722561714068,0.15990940937040762
A1+B2+C10+D2,-35.82153754409715,-73.07225617140678,0.16840951504189536
A1+B2+C10+D3,-35.82153754409725,-73.07225617140678,0.17628777766110032
A1+B2+C10+D4,-35.82153754409719,-73.07225617140675,0.17530849231732532
A1+B2+C10+D5,-35.82153754409709,-73.07225617140678,0.1743427555035467
A1+B2+C10+D6,-35.82153754409722,-73.07225617140678,0.1765680493115207
A1+B2+C10+D7,-35.82153754409721,-73.0722561714068,0.19073802263661524
A1+B2+C10+D8,-35.821537544097204,-73.07225617140679,0.16636071934975996
A1+B2+C10+D9,-35.82153754409722,-73.07225617140675,0.15178689605192427
A1+B2+C10+D10,-35.821537544097225,-73.07225617140679,0.16492682825231741
A1+B3+C1+D1,331.4286962709387,27.51583275983243,0.13394580428616729
A1+B3+C1+D2,331.4286962709389,27.515832759832456,0.1424459099576549
A1+B3+C1+D3,331.4286962709387,27.515832759832442,0.15032417257685973
A1+B3+C1+D4,331.4286962709388,27.515832759832474,0.14934488723308528
A1+B3+C1+D5,331.4286962709388,27.515832759832445,0.14837915041930633
A1+B3+C1+D6,331.4286962709387,27.51583275983245,0.1506044442272803
A1+B3+C1+D7,331.42869627093876,27.515832759832428,0.16477441755237474
A1+B3+C1+D8,331.42869627093876,27.515832759832435,0.14039711426551968
A1+B3+C1+D9,331.42869627093876,27.51583275983248,0.12582329096768388
A1+B3+C1+D10,331.42869627093876,27.515832759832435,0.13896322316807685
A1+B3+C2+D1,331.42869627093876,27.515832759832513,0.13341083052431768
A1+B3+C2+D2,331.42869627093893,27.515832759832538,0.14191093619580566
A1+B3+C2+D3,331.42869627093876,27.515832759832527,0.14978919881501038
A1+B3+C2+D4,331.4286962709389,27.515832759832556,0.14880991347123557
A1+B3+C2+D5,331.4286962709389,27.515832759832527,0.14784417665745686
A1+B3+C2+D6,331.42869627093876,27.515832759832527,0.1500694704654309
A1+B3+C2+D7,331.4286962709388,27.515832759832506,0.16423944379052532
A1+B3+C2+D8,331.4286962709388,27.515832759832513,0.1398621405036702
A1+B3+C2+D9,331.4286962709388,27.515832759832563,0.1252883172058344
A1+B3+C2+D10,331.4286962709388,27.515832759832513,0.1384282494062273
A1+B3+C3+D1,331.42869627093876,27.51583275983249,0.13452089063547473
A1+B3+C3+D2,331.42869627093893,27.51583275983252,0.14302099630696236
A1+B3+C3+D3,331.42869627093876,27.515832759832506,0.1508992589261673
A1+B3+C3+D4,331.4286962709389,27.515832759832534,0.14991997358239267
A1+B3+C3+D5,331.4286962709389,27.515832759832506,0.14895423676861402
A1+B3+C3+D6,331.42869627093876,27.51583275983251,0.1511795305765875
A1+B3+C3+D7,331.4286962709388,27.515832759832488,0.16534950390168207
A1+B3+C3+D8,331.4286962709388,27.515832759832495,0.14097220061482701
A1+B3+C3+D9,331.4286962709388,27.51583275983254,0.12639837731699116
A1+B3+C3+D10,331.4286962709388,27.515832759832495,0.13953830951738433
A1+B3+C4+D1,331.42869627093876,27.515832759832442,0.13336592485308812
A1+B3+C4+D2,331.42869627093893,27.515832759832463,0.14186603052457558
A1+B3+C4+D3,331.42869627093876,27.515832759832453,0.14974429314378063
A1+B3+C4+D4,331.4286962709389,27.515832759832485,0.14876500780000584
A1+B3+C4+D5,331.4286962709389,27.515832759832456,0.1477992709862271
A1+B3+C4+D6,331.42869627093876,27.515832759832456,0.15002456479420123
A1+B3+C4+D7,331.4286962709388,27.515832759832435,0.1641945381192956
A1+B3+C4+D8,331.4286962709388,27.515832759832442,0.13981723483244055
A1+B3+C4+D9,331.4286962709388,27.51583275983249,0.12524341153460453
A1+B3+C4+D10,331.4286962709388,27.515832759832442,0.13838334373499772
A1+B3+C5+D1,331.4286962709389,27.515832759832655,0.13387874168134412
A1+B3+C5+D2,331.42869627093904,27.51583275983268,0.1423788473528319
A1+B3+C5+D3,331.4286962709389,27.51583275983267,0.1502571099720368
A1+B3+C5+D4,331.428696270939,27.515832759832698,0.14927782462826206
A1+B3+C5+D5,331.428696270939,27.51583275983267,0.14831208781448324
A1+B3+C5+D6,331.4286962709389,27.51583275983267,0.15053738162245733
A1+B3+C5+D7,331.42869627093893,27.515832759832648,0.16470735494755176
A1+B3+C5+D8,331.42869627093893,27.515832759832655,0.14033005166069662
A1+B3+C5+D9,331.42869627093893,27.515832759832705,0.12575622836286066
A1+B3+C5+D10,331.42869627093893,27.515832759832655,0.13889616056325377
A1+B3+C6+D1,331.4286962709387,27.515832759832456,0.14901676059797206
A1+B3+C6+D2,331.4286962709389,27.515832759832485,0.1575168662694595
A1+B3+C6+D3,331.4286962709387,27.51583275983247,0.16539512888866448
A1+B3+C6+D4,331.4286962709388,27.5158327598325,0.1644158435448898
A1+B3+C6+D5,331.4286962709388,27.51583275983247,0.1634501067311109
A1+B3+C6+D6,331.4286962709387,27.515832759832474,0.16567540053908492
A1+B3+C6+D7,331.42869627093876,27.515832759832453,0.17984537386417931
A1+B3+C6+D8,331.42869627093876,27.51583275983246,0.1554680705773243
A1+B3+C6+D9,331.42869627093876,27.515832759832506,0.14089424727948843
A1+B3+C6+D10,331.42869627093876,27.51583275983246,0.15403417947988146
A1+B3+C7+D1,331.428696270939,27.51583275983264,0.13419649275662288
A1+B3+C7+D2,331.42869627093916,27.51583275983267,0.14269659842811047
A1+B3+C7+D3,331.428696270939,27.515832759832655,0.1505748610473151
A1+B3+C7+D4,331.4286962709391,27.515832759832684,0.14959557570354065
A1+B3+C7+D5,331.4286962709391,27.515832759832655,0.14862983888976175
A1+B3+C7+D6,331.428696270939,27.51583275983266,0.150855132697736
A1+B3+C7+D7,331.42869627093904,27.515832759832637,0.16502510602283013
A1+B3+C7+D8,331.42869627093904,27.515832759832644,0.1406478027359752
A1+B3+C7+D9,331.42869627093904,27.51583275983269,0.12607397943813944
A1+B3+C7+D10,331.42869627093904,27.515832759832644,0.13921391163853222
A1+B3+C8+D1,331.42869627093876,27.515832759832474,0.1432338486401629
A1+B3+C8+D2,331.42869627093893,27.5158327598325,0.15173395431165043
A1+B3+C8+D3,331.42869627093876,27.515832759832485,0.15961221693085545
A1+B3+C8+D4,331.4286962709389,27.515832759832517,0.1586329315870806
A1+B3+C8+D5,331.4286962709389,27.515832759832488,0.15766719477330193
A1+B3+C8+D6,331.42869627093876,27.51583275983249,0.1598924885812757
A1+B3+C8+D7,331.4286962709388,27.51583275983247,0.17406246190637034
A1+B3+C8+D8,331.4286962709388,27.515832759832477,0.14968515861951526
A1+B3+C8+D9,331.4286962709388,27.515832759832524,0.13511133532167935
A1+B3+C8+D10,331.4286962709388,27.515832759832477,0.1482512675220724
A1+B3+C9+D1,331.42869627093876,27.5158327598325,0.13762079525067797
A1+B3+C9+D2,331.42869627093893,27.515832759832527,0.14612090092216581
A1+B3+C9+D3,331.42869627093876,27.515832759832513,0.15399916354137047
A1+B3+C9+D4,331.4286962709389,27.51583275983254,0.15301987819759597
A1+B3+C9+D5,331.4286962709389,27.515832759832513,0.1520541413838171
A1+B3+C9+D6,331.42869627093876,27.515832759832517,0.15427943519179105
A1+B3+C9+D7,331.4286962709388,27.515832759832495,0.16844940851688542
A1+B3+C9+D8,331.4286962709388,27.515832759832502,0.14407210523003047
A1+B3+C9+D9,331.4286962709388,27.51583275983255,0.12949828193219468
A1+B3+C9+D10,331.4286962709388,27.515832759832502,0.14263821413258765
A1+B3+C10+D1,331.4286962709389,27.51583275983269,0.13067200751633584
A1+B3+C10+D2,331.42869627093904,27.515832759832712,0.13917211318782344
A1+B3+C10+D3,331.4286962709389,27.5158327598327,0.14705037580702823
A1+B3+C10+D4,331.428696270939,27.515832759832733,0.14607109046325367
A1+B3+C10+D5,331.428696270939,27.515832759832705,0.14510535364947497
A1+B3+C10+D6,331.4286962709389,27.515832759832705,0.14733064745744862
A1+B3+C10+D7,331.42869627093893,27.515832759832684,0.16150062078254324
A1+B3+C10+D8,331.42869627093893,27.51583275983269,0.13712331749568815
A1+B3+C10+D9,331.42869627093893,27.51583275983274,0.12254949419785222
A1+B3+C10+D10,331.42869627093893,27.51583275983269,0.13568942639824524
A1+B4+C1+D1,273.34848992473144,-269.003171280281,0.11963041806448954
A1+B4+C1+D2,273.3484899247316,-269.003171280281,0.12813052373597733
A1+B4+C1+D3,273.34848992473144,-269.003171280281,0.1360087863551823
A1+B4+C1+D4,273.34848992473155,-269.0031712802809,0.13502950101140726
A1+B4+C1+D5,273.34848992473155,-269.0031712802809,0.13406376419762867
A1+B4+C1+D6,273.34848992473144,-269.003171280281,0.13628905800560262
A1+B4+C1+D7,273.3484899247315,-269.003171280281,0.150459031330697
A1+B4+C1+D8,273.3484899247315,-269.003171280281,0.12608172804384202
A1+B4+C1+D9,273.3484899247315,-269.003171280281,0.1115079047460061
A1+B4+C1+D10,273.3484899247315,-269.003171280281,0.12464783694639926
A1+B4+C2+D1,273.3484899247315,-269.0031712802809,0.11909544430264013
A1+B4+C2+D2,273.34848992473167,-269.0031712802809,0.12759554997412775
A1+B4+C2+D3,273.3484899247315,-269.0031712802809,0.13547381259333266
A1+B4+C2+D4,273.3484899247316,-269.00317128028087,0.13449452724955813
A1+B4+C2+D5,273.3484899247316,-269.00317128028087,0.1335287904357792
A1+B4+C2+D6,273.3484899247315,-269.0031712802809,0.13575408424375307
A1+B4+C2+D7,273.34848992473155,-269.0031712802809,0.14992405756884744
A1+B4+C2+D8,273.34848992473155,-269.0031712802809,0.12554675428199247
A1+B4+C2+D9,273.34848992473155,-269.0031712802809,0.11097293098415667
A1+B4+C2+D10,273.34848992473155,-269.0031712802809,0.12411286318454971
A1+B4+C3+D1,273.3484899247315,-269.0031712802809,0.12020550441379686
A1+B4+C3+D2,273.34848992473167,-269.0031712802809,0.12870561008528458
A1+B4+C3+D3,273.3484899247315,-269.0031712802809,0.1365838727044895
A1+B4+C3+D4,273.3484899247316,-269.00317128028087,0.1356045873607147
A1+B4+C3+D5,273.3484899247316,-269.00317128028087,0.13463885054693608
A1+B4+C3+D6,273.3484899247315,-269.0031712802809,0.13686414435490998
A1+B4+C3+D7,273.34848992473155,-269.0031712802809,0.15103411768000446
A1+B4+C3+D8,273.34848992473155,-269.0031712802809,0.12665681439314921
A1+B4+C3+D9,273.34848992473155,-269.0031712802809,0.11208299109531351
A1+B4+C3+D10,273.34848992473155,-269.0031712802809,0.12522292329570656
A1+B4+C4+D1,273.3484899247315,-269.0031712802809,0.11905053863141037
A1+B4+C4+D2,273.34848992473167,-269.0031712802809,0.127550644302898
A1+B4+C4+D3,273.3484899247315,-269.0031712802809,0.13542890692210297
A1+B4+C4+D4,273.3484899247316,-269.00317128028087,0.1344496215783283
A1+B4+C4+D5,273.3484899247316,-269.00317128028087,0.13348388476454953
A1+B4+C4+D6,273.3484899247315,-269.0031712802809,0.13570917857252354
A1+B4+C4+D7,273.34848992473155,-269.0031712802809,0.149879151897618
A1+B4+C4+D8,273.34848992473155,-269.0031712802809,0.12550184861076283
A1+B4+C4+D9,273.34848992473155,-269.0031712802809,0.11092802531292706
A1+B4+C4+D10,273.34848992473155,-269.0031712802809,0.12406795751331995
A1+B4+C5+D1,273.3484899247316,-269.0031712802808,0.11956335545966647
A1+B4+C5+D2,273.3484899247318,-269.0031712802808,0.12806346113115413
A1+B4+C5+D3,273.3484899247316,-269.0031712802808,0.13594172375035907
A1+B4+C5+D4,273.3484899247317,-269.00317128028075,0.13496243840658434
A1+B4+C5+D5,273.3484899247317,-269.00317128028075,0.13399670159280547
A1+B4+C5+D6,273.3484899247316,-269.0031712802808,0.1362219954007794
A1+B4+C5+D7,273.34848992473167,-269.0031712802808,0.15039196872587368
A1+B4+C5+D8,273.34848992473167,-269.0031712802808,0.12601466543901896
A1+B4+C5+D9,273.34848992473167,-269.0031712802808,0.11144084214118301
A1+B4+C5+D10,273.34848992473167,-269.0031712802808,0.12458077434157608
A1+B4+C6+D1,273.34848992473144,-269.003171280281,0.1347013743762942
A1+B4+C6+D2,273.3484899247316,-269.003171280281,0.14320148004778188
A1+B4+C6+D3,273.34848992473144,-269.003171280281,0.15107974266698662
A1+B4+C6+D4,273.34848992473155,-269.0031712802809,0.150100457323212
A1+B4+C6+D5,273.34848992473155,-269.0031712802809,0.14913472050943336
A1+B4+C6+D6,273.34848992473144,-269.003171280281,0.1513600143174072
A1+B4+C6+D7,273.3484899247315,-269.003171280281,0.16552998764250162
A1+B4+C6+D8,273.3484899247315,-269.003171280281,0.14115268435564648
A1+B4+C6+D9,273.3484899247315,-269.003171280281,0.12657886105781074
A1+B4+C6+D10,273.3484899247315,-269.003171280281,0.13971879325820363
A1+B4+C7+D1,273.3484899247317,-269.00317128028075,0.11988110653494495
A1+B4+C7+D2,273.3484899247319,-269.00317128028075,0.12838121220643292
A1+B4+C7+D3,273.3484899247317,-269.00317128028075,0.1362594748256376
A1+B4+C7+D4,273.34848992473184,-269.0031712802807,0.135280189481863
A1+B4+C7+D5,273.34848992473184,-269.0031712802807,0.13431445266808426
A1+B4+C7+D6,273.3484899247317,-269.00317128028075,0.13653974647605815
A1+B4+C7+D7,273.3484899247318,-269.00317128028075,0.15070971980115255
A1+B4+C7+D8,273.3484899247318,-269.00317128028075,0.12633241651429764
A1+B4+C7+D9,273.3484899247318,-269.00317128028075,0.1117585932164617
A1+B4+C7+D10,273.3484899247318,-269.00317128028075,0.12489852541685471
A1+B4+C8+D1,273.3484899247315,-269.0031712802809,0.12891846241848504
A1+B4+C8+D2,273.34848992473167,-269.0031712802809,0.1374185680899729
A1+B4+C8+D3,273.3484899247315,-269.0031712802809,0.14529683070917757
A1+B4+C8+D4,273.3484899247316,-269.00317128028087,0.1443175453654031
A1+B4+C8+D5,273.3484899247316,-269.00317128028087,0.14335180855162413
A1+B4+C8+D6,273.3484899247315,-269.0031712802809,0.14557710235959817
A1+B4+C8+D7,273.34848992473155,-269.0031712802809,0.15974707568469254
A1+B4+C8+D8,273.34848992473155,-269.0031712802809,0.13536977239783737
A1+B4+C8+D9,273.34848992473155,-269.0031712802809,0.12079594910000169
A1+B4+C8+D10,273.34848992473155,-269.0031712802809,0.13393588130039472
A1+B4+C9+D1,273.3484899247315,-269.0031712802809,0.12330540902900022
A1+B4+C9+D2,273.34848992473167,-269.0031712802809,0.13180551470048799
A1+B4+C9+D3,273.3484899247315,-269.0031712802809,0.1396837773196928
A1+B4+C9+D4,273.3484899247316,-269.00317128028087,0.1387044919759182
A1+B4+C9+D5,273.3484899247316,-269.00317128028087,0.13773875516213943
A1+B4+C9+D6,273.3484899247315,-269.0031712802809,0.1399640489701133
A1+B4+C9+D7,273.34848992473155,-269.0031712802809,0.15413402229520767
A1+B4+C9+D8,273.34848992473155,-269.0031712802809,0.1297567190083526
A1+B4+C9+D9,273.34848992473155,-269.0031712802809,0.11518289571051682
A1+B4+C9+D10,273.34848992473155,-269.0031712802809,0.12832282791090996
A1+B4+C10+D1,273.3484899247316,-269.00317128028075,0.11635662129465797
A1+B4+C10+D2,273.3484899247318,-269.00317128028075,0.12485672696614589
A1+B4+C10+D3,273.3484899247316,-269.00317128028075,0.13273498958535077
A1+B4+C10+D4,273.3484899247317,-269.0031712802807,0.1317557042415761
A1+B4+C10+D5,273.3484899247317,-269.0031712802807,0.13078996742779708
A1+B4+C10+D6,273.3484899247316,-269.00317128028075,0.13301526123577112
A1+B4+C10+D7,273.34848992473167,-269.00317128028075,0.1471852345608656
A1+B4+C10+D8,273.34848992473167,-269.00317128028075,0.1228079312740107
A1+B4+C10+D9,273.34848992473167,-269.00317128028075,0.10823410797617478
A1+B4+C10+D10,273.34848992473167,-269.00317128028075,0.12137404017656776
A1+B5+C1+D1,28.36182883329069,-75.96532537461229,0.2023678397031123
A1+B5+C1+D2,28.361828833290797,-75.96532537461226,0.21086794537459946
A1+B5+C1+D3,28.361828833290687,-75.96532537461226,0.21874620799380484
A1+B5+C1+D4,28.361828833290748,-75.96532537461223,0.21776692265002984
A1+B5+C1+D5,28.361828833290843,-75.96532537461226,0.2168011858362513
A1+B5+C1+D6,28.361828833290723,-75.96532537461226,0.2190264796442253
A1+B5+C1+D7,28.361828833290723,-75.96532537461229,0.23319645296931973
A1+B5+C1+D8,28.36182883329073,-75.96532537461228,0.2088191496824646
A1+B5+C1+D9,28.361828833290723,-75.96532537461223,0.19424532638462877
A1+B5+C1+D10,28.36182883329071,-75.96532537461228,0.20738525858502158
A1+B5+C2+D1,28.361828833290772,-75.96532537461219,0.2018328659412628
A1+B5+C2+D2,28.36182883329088,-75.96532537461216,0.2103329716127504
A1+B5+C2+D3,28.36182883329077,-75.96532537461216,0.21821123423195518
A1+B5+C2+D4,28.36182883329083,-75.96532537461214,0.2172319488881806
A1+B5+C2+D5,28.361828833290925,-75.96532537461216,0.2162662120744018
A1+B5+C2+D6,28.361828833290804,-75.96532537461216,0.21849150588237562
A1+B5+C2+D7,28.361828833290804,-75.96532537461219,0.23266147920747013
A1+B5+C2+D8,28.36182883329081,-75.96532537461218,0.20828417592061524
A1+B5+C2+D9,28.361828833290804,-75.96532537461214,0.19371035262277939
A1+B5+C2+D10,28.36182883329079,-75.96532537461218,0.2068502848231722
A1+B5+C3+D1,28.361828833290758,-75.9653253746122,0.20294292605241962
A1+B5+C3+D2,28.361828833290865,-75.96532537461218,0.21144303172390722
A1+B5+C3+D3,28.361828833290755,-75.96532537461218,0.2193212943431123
A1+B5+C3+D4,28.361828833290815,-75.96532537461215,0.21834200899933762
A1+B5+C3+D5,28.36182883329091,-75.96532537461218,0.21737627218555855
A1+B5+C3+D6,28.36182883329079,-75.96532537461218,0.21960156599353278
A1+B5+C3+D7,28.36182883329079,-75.9653253746122,0.2337715393186269
A1+B5+C3+D8,28.361828833290797,-75.96532537461219,0.20939423603177204
A1+B5+C3+D9,28.36182883329079,-75.96532537461215,0.19482041273393624
A1+B5+C3+D10,28.361828833290776,-75.96532537461219,0.2079603449343292
A1+B5+C4+D1,28.361828833290723,-75.96532537461228,0.201787960270033
A1+B5+C4+D2,28.36182883329083,-75.96532537461225,0.2102880659415207
A1+B5+C4+D3,28.36182883329072,-75.96532537461225,0.21816632856072568
A1+B5+C4+D4,28.36182883329078,-75.96532537461222,0.21718704321695076
A1+B5+C4+D5,28.361828833290875,-75.96532537461225,0.21622130640317203
A1+B5+C4+D6,28.361828833290755,-75.96532537461225,0.21844660021114606
A1+B5+C4+D7,28.361828833290755,-75.96532537461228,0.23261657353624057
A1+B5+C4+D8,28.36182883329076,-75.96532537461226,0.20823927024938552
A1+B5+C4+D9,28.361828833290755,-75.96532537461222,0.19366544695154952
A1+B5+C4+D10,28.36182883329074,-75.96532537461226,0.20680537915194264
A1+B5+C5+D1,28.36182883329086,-75.96532537461206,0.2023007770982889
A1+B5+C5+D2,28.361828833290968,-75.96532537461204,0.21080088276977685
A1+B5+C5+D3,28.361828833290858,-75.96532537461204,0.2186791453889818
A1+B5+C5+D4,28.361828833290918,-75.96532537461201,0.21769986004520703
A1+B5+C5+D5,28.361828833291014,-75.96532537461204,0.21673412323142818
A1+B5+C5+D6,28.361828833290893,-75.96532537461204,0.2189594170394021
A1+B5+C5+D7,28.361828833290893,-75.96532537461206,0.23312939036449665
A1+B5+C5+D8,28.3618288332909,-75.96532537461205,0.20875208707764162
A1+B5+C5+D9,28.361828833290893,-75.96532537461201,0.19417826377980577
A1+B5+C5+D10,28.36182883329088,-75.96532537461205,0.2073181959801987
A1+B5+C6+D1,28.361828833290684,-75.96532537461225,0.21743879601491684
A1+B5+C6+D2,28.36182883329079,-75.96532537461222,0.2259389016864046
A1+B5+C6+D3,28.36182883329068,-75.96532537461222,0.23381716430560945
A1+B5+C6+D4,28.36182883329074,-75.96532537461219,0.23283787896183472
A1+B5+C6+D5,28.361828833290836,-75.96532537461222,0.23187214214805602
A1+B5+C6+D6,28.361828833290716,-75.96532537461222,0.23409743595603005
A1+B5+C6+D7,28.361828833290716,-75.96532537461225,0.24826740928112453
A1+B5+C6+D8,28.361828833290723,-75.96532537461223,0.2238901059942692
A1+B5+C6+D9,28.361828833290716,-75.96532537461219,0.2093162826964333
A1+B5+C6+D10,28.3618288332907,-75.96532537461223,0.22245621489682654
A1+B5+C7+D1,28.361828833290925,-75.96532537461204,0.20261852817356785
A1+B5+C7+D2,28.36182883329103,-75.96532537461201,0.21111863384505553
A1+B5+C7+D3,28.36182883329092,-75.96532537461201,0.21899689646426015
A1+B5+C7+D4,28.361828833290982,-75.96532537461198,0.2180176111204855
A1+B5+C7+D5,28.361828833291078,-75.96532537461201,0.21705187430670678
A1+B5+C7+D6,28.361828833290957,-75.96532537461201,0.2192771681146809
A1+B5+C7+D7,28.361828833290957,-75.96532537461204,0.2334471414397752
A1+B5+C7+D8,28.361828833290964,-75.96532537461202,0.20906983815292024
A1+B5+C7+D9,28.361828833290957,-75.96532537461198,0.1944960148550841
A1+B5+C7+D10,28.361828833290943,-75.96532537461202,0.20763594705547714
A1+B5+C8+D1,28.36182883329073,-75.96532537461225,0.2116558840571077
A1+B5+C8+D2,28.361828833290836,-75.96532537461222,0.22015598972859546
A1+B5+C8+D3,28.361828833290726,-75.96532537461222,0.22803425234780014
A1+B5+C8+D4,28.361828833290787,-75.96532537461219,0.22705496700402564
A1+B5+C8+D5,28.361828833290883,-75.96532537461222,0.22608923019024674
A1+B5+C8+D6,28.36182883329076,-75.96532537461222,0.22831452399822041
A1+B5+C8+D7,28.36182883329076,-75.96532537461225,0.24248449732331512
A1+B5+C8+D8,28.36182883329077,-75.96532537461223,0.21810719403646003
A1+B5+C8+D9,28.36182883329076,-75.96532537461219,0.2035333707386242
A1+B5+C8+D10,28.361828833290748,-75.96532537461223,0.2166733029390175
A1+B5+C9+D1,28.361828833290712,-75.9653253746122,0.20604283066762294
A1+B5+C9+D2,28.36182883329082,-75.96532537461218,0.2145429363391107
A1+B5+C9+D3,28.36182883329071,-75.96532537461218,0.22242119895831544
A1+B5+C9+D4,28.36182883329077,-75.96532537461215,0.2214419136145412
A1+B5+C9+D5,28.361828833290865,-75.96532537461218,0.22047617680076212
A1+B5+C9+D6,28.361828833290744,-75.96532537461218,0.2227014706087358
A1+B5+C9+D7,28.361828833290744,-75.9653253746122,0.23687144393383056
A1+B5+C9+D8,28.36182883329075,-75.96532537461219,0.21249414064697533
A1+B5+C9+D9,28.361828833290744,-75.96532537461215,0.19792031734913948
A1+B5+C9+D10,28.36182883329073,-75.96532537461219,0.21106024954953265
A1+B5+C10+D1,28.361828833290865,-75.96532537461202,0.19909404293328073
A1+B5+C10+D2,28.36182883329097,-75.965325374612,0.2075941486047685
A1+B5+C10+D3,28.36182883329086,-75.965325374612,0.21547241122397315
A1+B5+C10+D4,28.36182883329092,-75.96532537461196,0.2144931258801986
A1+B5+C10+D5,28.361828833291018,-75.965325374612,0.21352738906641977
A1+B5+C10+D6,28.361828833290897,-75.965325374612,0.2157526828743939
A1+B5+C10+D7,28.361828833290897,-75.96532537461202,0.22992265619948826
A1+B5+C10+D8,28.361828833290904,-75.96532537461201,0.20554535291263296
A1+B5+C10+D9,28.361828833290897,-75.96532537461196,0.19097152961479738
A1+B5+C10+D10,28.361828833290883,-75.96532537461201,0.20411146181519035
A1+B6+C1+D1,107.55118114680765,100.9726367381927,0.10703968650516923
A1+B6+C1+D2,107.55118114680776,100.97263673819273,0.11553979217665693
A1+B6+C1+D3,107.55118114680765,100.97263673819273,0.12341805479586185
A1+B6+C1+D4,107.5511811468077,100.97263673819276,0.12243876945208719
A1+B6+C1+D5,107.5511811468078,100.97263673819273,0.12147303263830841
A1+B6+C1+D6,107.55118114680768,100.97263673819273,0.12369832644628251
A1+B6+C1+D7,107.5511811468077,100.9726367381927,0.13786829977137682
A1+B6+C1+D8,107.55118114680769,100.97263673819272,0.11349099648452184
A1+B6+C1+D9,107.5511811468077,100.97263673819276,0.09891717318668582
A1+B6+C1+D10,107.55118114680768,100.97263673819272,0.1120571053870789
A1+B6+C2+D1,107.55118114680772,100.9726367381928,0.10650471274331999
A1+B6+C2+D2,107.55118114680783,100.97263673819283,0.11500481841480759
A1+B6+C2+D3,107.55118114680772,100.97263673819283,0.12288308103401258
A1+B6+C2+D4,107.55118114680778,100.97263673819286,0.12190379569023772
A1+B6+C2+D5,107.55118114680788,100.97263673819283,0.12093805887645896
A1+B6+C2+D6,107.55118114680775,100.97263673819283,0.12316335268443293
A1+B6+C2+D7,107.55118114680778,100.9726367381928,0.1373333260095273
A1+B6+C2+D8,107.55118114680776,100.97263673819282,0.11295602272267231
A1+B6+C2+D9,107.55118114680778,100.97263673819286,0.0983821994248366
A1+B6+C2+D10,107.55118114680775,100.97263673819282,0.11152213162522942
A1+B6+C3+D1,107.5511811468077,100.97263673819279,0.10761477285447674
A1+B6+C3+D2,107.55118114680782,100.97263673819282,0.11611487852596461
A1+B6+C3+D3,107.5511811468077,100.97263673819282,0.12399314114516927
A1+B6+C3+D4,107.55118114680776,100.97263673819285,0.12301385580139479
A1+B6+C3+D5,107.55118114680786,100.97263673819282,0.12204811898761586
A1+B6+C3+D6,107.55118114680774,100.97263673819282,0.1242734127955898
A1+B6+C3+D7,107.55118114680776,100.97263673819279,0.1384433861206844
A1+B6+C3+D8,107.55118114680775,100.9726367381928,0.1140660828338291
A1+B6+C3+D9,107.55118114680776,100.97263673819285,0.09949225953599347
A1+B6+C3+D10,107.55118114680774,100.9726367381928,0.11263219173638644
A1+B6+C4+D1,107.55118114680769,100.97263673819272,0.10645980707209016
A1+B6+C4+D2,107.5511811468078,100.97263673819275,0.11495991274357797
A1+B6+C4+D3,107.55118114680769,100.97263673819275,0.12283817536278276
A1+B6+C4+D4,107.55118114680775,100.97263673819278,0.12185889001900808
A1+B6+C4+D5,107.55118114680785,100.97263673819275,0.12089315320522935
A1+B6+C4+D6,107.55118114680772,100.97263673819275,0.1231184470132032
A1+B6+C4+D7,107.55118114680775,100.97263673819272,0.13728842033829758
A1+B6+C4+D8,107.55118114680774,100.97263673819273,0.11291111705144262
A1+B6+C4+D9,107.55118114680775,100.97263673819278,0.09833729375360674
A1+B6+C4+D10,107.55118114680772,100.97263673819273,0.11147722595399971
A1+B6+C5+D1,107.55118114680783,100.97263673819293,0.10697262390034638
A1+B6+C5+D2,107.55118114680795,100.97263673819296,0.11547272957183398
A1+B6+C5+D3,107.55118114680783,100.97263673819296,0.12335099219103887
A1+B6+C5+D4,107.55118114680789,100.97263673819299,0.12237170684726398
A1+B6+C5+D5,107.55118114680799,100.97263673819296,0.12140597003348527
A1+B6+C5+D6,107.55118114680786,100.97263673819296,0.12363126384145935
A1+B6+C5+D7,107.55118114680789,100.97263673819293,0.13780123716655374
A1+B6+C5+D8,107.55118114680788,100.97263673819295,0.11342393387969886
A1+B6+C5+D9,107.55118114680789,100.97263673819299,0.09885011058186281
A1+B6+C5+D10,107.55118114680786,100.97263673819295,0.11199004278225595
A1+B6+C6+D1,107.55118114680766,100.97263673819275,0.12211064281697408
A1+B6+C6+D2,107.55118114680778,100.97263673819278,0.1306107484884618
A1+B6+C6+D3,107.55118114680766,100.97263673819278,0.1384890111076665
A1+B6+C6+D4,107.55118114680772,100.9726367381928,0.13750972576389192
A1+B6+C6+D5,107.55118114680782,100.97263673819278,0.13654398895011322
A1+B6+C6+D6,107.55118114680769,100.97263673819278,0.13876928275808692
A1+B6+C6+D7,107.55118114680772,100.97263673819275,0.15293925608318137
A1+B6+C6+D8,107.5511811468077,100.97263673819276,0.12856195279632643
A1+B6+C6+D9,107.55118114680772,100.9726367381928,0.11398812949849055
A1+B6+C6+D10,107.55118114680769,100.97263673819276,0.12712806169888358
A1+B6+C7+D1,107.55118114680788,100.97263673819296,0.10729037497562498
A1+B6+C7+D2,107.55118114680799,100.97263673819299,0.11579048064711277
A1+B6+C7+D3,107.55118114680788,100.97263673819299,0.12366874326631745
A1+B6+C7+D4,107.55118114680793,100.97263673819302,0.12268945792254275
A1+B6+C7+D5,107.55118114680803,100.97263673819299,0.12172372110876402
A1+B6+C7+D6,107.5511811468079,100.97263673819299,0.12394901491673783
A1+B6+C7+D7,107.55118114680793,100.97263673819296,0.13811898824183239
A1+B6+C7+D8,107.55118114680792,100.97263673819297,0.11374168495497732
A1+B6+C7+D9,107.55118114680793,100.97263673819302,0.09916786165714156
A1+B6+C7+D10,107.5511811468079,100.97263673819297,0.11230779385753464
A1+B6+C8+D1,107.55118114680769,100.97263673819275,0.1163277308591649
A1+B6+C8+D2,107.5511811468078,100.97263673819278,0.12482783653065264
A1+B6+C8+D3,107.55118114680769,100.97263673819278,0.13270609914985743
A1+B6+C8+D4,107.55118114680775,100.9726367381928,0.13172681380608287
A1+B6+C8+D5,107.55118114680785,100.97263673819278,0.13076107699230402
A1+B6+C8+D6,107.55118114680772,100.97263673819278,0.13298637080027795
A1+B6+C8+D7,107.55118114680775,100.97263673819275,0.14715634412537243
A1+B6+C8+D8,107.55118114680774,100.97263673819276,0.12277904083851743
A1+B6+C8+D9,107.55118114680775,100.9726367381928,0.10820521754068152
A1+B6+C8+D10,107.55118114680772,100.97263673819276,0.12134514974107444
A1+B6+C9+D1,107.55118114680766,100.97263673819279,0.11071467746968017
A1+B6+C9+D2,107.55118114680778,100.97263673819282,0.11921478314116794
A1+B6+C9+D3,107.55118114680766,100.97263673819282,0.1270930457603727
A1+B6+C9+D4,107.55118114680772,100.97263673819285,0.12611376041659814
A1+B6+C9+D5,107.55118114680782,100.97263673819282,0.12514802360281924
A1+B6+C9+D6,107.55118114680769,100.97263673819282,0.12737331741079322
A1+B6+C9+D7,107.55118114680772,100.97263673819279,0.14154329073588762
A1+B6+C9+D8,107.5511811468077,100.9726367381928,0.11716598744903262
A1+B6+C9+D9,107.55118114680772,100.97263673819285,0.10259216415119672
A1+B6+C9+D10,107.55118114680769,100.9726367381928,0.11573209635158975
A1+B6+C10+D1,107.55118114680782,100.97263673819297,0.10376588973533794
A1+B6+C10+D2,107.55118114680793,100.972636738193,0.11226599540682558
A1+B6+C10+D3,107.55118114680782,100.972636738193,0.1201442580260305
A1+B6+C10+D4,107.55118114680788,100.97263673819303,0.11916497268225566
A1+B6+C10+D5,107.55118114680798,100.972636738193,0.11819923586847701
A1+B6+C10+D6,107.55118114680785,100.972636738193,0.12042452967645105
A1+B6+C10+D7,107.55118114680788,100.97263673819297,0.13459450300154527
A1+B6+C10+D8,107.55118114680786,100.97263673819299,0.11021719971469028
A1+B6+C10+D9,107.55118114680788,100.97263673819303,0.09564337641685465
A1+B6+C10+D10,107.55118114680785,100.97263673819299,0.1087833086172475
A1+B7+C1+D1,-286.65636505503505,-62.90432310484191,0.18797031886811622
A1+B7+C1+D2,-286.6563650550349,-62.90432310484188,0.19647042453960373
A1+B7+C1+D3,-286.65636505503505,-62.90432310484188,0.20434868715880866
A1+B7+C1+D4,-286.65636505503494,-62.90432310484185,0.2033694018150341
A1+B7+C1+D5,-286.65636505503494,-62.90432310484188,0.20240366500125528
A1+B7+C1+D6,-286.65636505503505,-62.90432310484188,0.2046289588092291
A1+B7+C1+D7,-286.656365055035,-62.90432310484191,0.21879893213432333
A1+B7+C1+D8,-286.656365055035,-62.90432310484189,0.1944216288474685
A1+B7+C1+D9,-286.656365055035,-62.90432310484185,0.17984780554963276
A1+B7+C1+D10,-286.656365055035,-62.90432310484189,0.19298773775002584
A1+B7+C2+D1,-286.656365055035,-62.90432310484181,0.18743534510626664
A1+B7+C2+D2,-286.6563650550348,-62.90432310484178,0.19593545077775426
A1+B7+C2+D3,-286.656365055035,-62.90432310484178,0.20381371339695922
A1+B7+C2+D4,-286.6563650550349,-62.90432310484175,0.20283442805318452
A1+B7+C2+D5,-286.6563650550349,-62.90432310484178,0.20186869123940568
A1+B7+C2+D6,-286.656365055035,-62.90432310484178,0.20409398504737977
A1+B7+C2+D7,-286.65636505503494,-62.90432310484181,0.21826395837247406
A1+B7+C2+D8,-286.65636505503494,-62.904323104841794,0.19388665508561906
A1+B7+C2+D9,-286.65636505503494,-62.90432310484175,0.17931283178778323
A1+B7+C2+D10,-286.65636505503494,-62.904323104841794,0.1924527639881762
A1+B7+C3+D1,-286.656365055035,-62.90432310484182,0.1885454052174236
A1+B7+C3+D2,-286.6563650550348,-62.904323104841794,0.19704551088891137
A1+B7+C3+D3,-286.656365055035,-62.904323104841794,0.20492377350811608
A1+B7+C3+D4,-286.6563650550349,-62.904323104841765,0.2039444881643414
A1+B7+C3+D5,-286.6563650550349,-62.904323104841794,0.20297875135056268
A1+B7+C3+D6,-286.656365055035,-62.904323104841794,0.2052040451585364
A1+B7+C3+D7,-286.65636505503494,-62.90432310484182,0.21937401848363094
A1+B7+C3+D8,-286.65636505503494,-62.90432310484181,0.194996715196776
A1+B7+C3+D9,-286.65636505503494,-62.904323104841765,0.18042289189894026
A1+B7+C3+D10,-286.65636505503494,-62.90432310484181,0.19356282409933323
A1+B7+C4+D1,-286.656365055035,-62.90432310484189,0.1873904394350368
A1+B7+C4+D2,-286.6563650550348,-62.904323104841865,0.19589054510652484
A1+B7+C4+D3,-286.656365055035,-62.904323104841865,0.20376880772572953
A1+B7+C4+D4,-286.6563650550349,-62.904323104841836,0.2027895223819548
A1+B7+C4+D5,-286.6563650550349,-62.904323104841865,0.201823785568176
A1+B7+C4+D6,-286.656365055035,-62.904323104841865,0.20404907937615002
A1+B7+C4+D7,-286.65636505503494,-62.90432310484189,0.21821905270124445
A1+B7+C4+D8,-286.65636505503494,-62.90432310484188,0.1938417494143894
A1+B7+C4+D9,-286.65636505503494,-62.904323104841836,0.1792679261165537
A1+B7+C4+D10,-286.65636505503494,-62.90432310484188,0.1924078583169467
A1+B7+C5+D1,-286.6563650550349,-62.90432310484168,0.18790325626329296
A1+B7+C5+D2,-286.6563650550347,-62.90432310484165,0.19640336193478086
A1+B7+C5+D3,-286.6563650550349,-62.90432310484165,0.20428162455398546
A1+B7+C5+D4,-286.65636505503477,-62.90432310484162,0.20330233921021099
A1+B7+C5+D5,-286.65636505503477,-62.90432310484165,0.20233660239643236
A1+B7+C5+D6,-286.6563650550349,-62.90432310484165,0.20456189620440599
A1+B7+C5+D7,-286.6563650550348,-62.90432310484168,0.21873186952950055
A1+B7+C5+D8,-286.6563650550348,-62.904323104841666,0.19435456624264572
A1+B7+C5+D9,-286.6563650550348,-62.90432310484162,0.17978074294480959
A1+B7+C5+D10,-286.6563650550348,-62.904323104841666,0.19292067514520256
A1+B7+C6+D1,-286.65636505503505,-62.904323104841865,0.20304127517992063
A1+B7+C6+D2,-286.6563650550349,-62.904323104841836,0.21154138085140844
A1+B7+C6+D3,-286.65636505503505,-62.904323104841836,0.21941964347061335
A1+B7+C6+D4,-286.65636505503494,-62.90432310484181,0.21844035812683862
A1+B7+C6+D5,-286.65636505503494,-62.904323104841836,0.21747462131305975
A1+B7+C6+D6,-286.65636505503505,-62.904323104841836,0.21969991512103365
A1+B7+C6+D7,-286.656365055035,-62.904323104841865,0.23386988844612822
A1+B7+C6+D8,-286.656365055035,-62.90432310484185,0.20949258515927316
A1+B7+C6+D9,-286.656365055035,-62.90432310484181,0.19491876186143733
A1+B7+C6+D10,-286.656365055035,-62.90432310484185,0.2080586940618304
A1+B7+C7+D1,-286.65636505503477,-62.90432310484165,0.1882210073385717
A1+B7+C7+D2,-286.6563650550346,-62.90432310484162,0.19672111301005948
A1+B7+C7+D3,-286.65636505503477,-62.90432310484162,0.2045993756292642
A1+B7+C7+D4,-286.65636505503466,-62.904323104841595,0.20362009028548972
A1+B7+C7+D5,-286.65636505503466,-62.90432310484162,0.20265435347171087
A1+B7+C7+D6,-286.65636505503477,-62.90432310484162,0.20487964727968486
A1+B7+C7+D7,-286.6563650550347,-62.90432310484165,0.2190496206047792
A1+B7+C7+D8,-286.6563650550347,-62.90432310484164,0.19467231731792414
A1+B7+C7+D9,-286.6563650550347,-62.904323104841595,0.18009849402008818
A1+B7+C7+D10,-286.6563650550347,-62.90432310484164,0.19323842622048137
A1+B7+C8+D1,-286.656365055035,-62.904323104841865,0.1972583632221118
A1+B7+C8+D2,-286.6563650550348,-62.904323104841836,0.20575846889359944
A1+B7+C8+D3,-286.656365055035,-62.904323104841836,0.21363673151280427
A1+B7+C8+D4,-286.6563650550349,-62.90432310484181,0.21265744616902965
A1+B7+C8+D5,-286.6563650550349,-62.904323104841836,0.21169170935525075
A1+B7+C8+D6,-286.656365055035,-62.904323104841836,0.21391700316322482
A1+B7+C8+D7,-286.65636505503494,-62.904323104841865,0.2280869764883193
A1+B7+C8+D8,-286.65636505503494,-62.90432310484185,0.20370967320146413
A1+B7+C8+D9,-286.65636505503494,-62.90432310484181,0.1891358499036282
A1+B7+C8+D10,-286.65636505503494,-62.90432310484185,0.2022757821040213
A1+B7+C9+D1,-286.656365055035,-62.90432310484182,0.19164530983262681
A1+B7+C9+D2,-286.6563650550348,-62.904323104841794,0.20014541550411463
A1+B7+C9+D3,-286.656365055035,-62.904323104841794,0.2080236781233194
A1+B7+C9+D4,-286.6563650550349,-62.904323104841765,0.20704439277954473
A1+B7+C9+D5,-286.6563650550349,-62.904323104841794,0.20607865596576602
A1+B7+C9+D6,-286.656365055035,-62.904323104841794,0.20830394977374003
A1+B7+C9+D7,-286.65636505503494,-62.90432310484182,0.22247392309883446
A1+B7+C9+D8,-286.65636505503494,-62.90432310484181,0.19809661981197935
A1+B7+C9+D9,-286.65636505503494,-62.904323104841765,0.1835227965141435
A1+B7+C9+D10,-286.65636505503494,-62.90432310484181,0.19666272871453655
A1+B7+C10+D1,-286.6563650550349,-62.90432310484164,0.18469652209828477
A1+B7+C10+D2,-286.6563650550347,-62.90432310484161,0.1931966277697723
A1+B7+C10+D3,-286.6563650550349,-62.90432310484161,0.20107489038897733
A1+B7+C10+D4,-286.65636505503477,-62.90432310484158,0.2000956050452026
A1+B7+C10+D5,-286.65636505503477,-62.90432310484161,0.19912986823142392
A1+B7+C10+D6,-286.6563650550349,-62.90432310484161,0.20135516203939766
A1+B7+C10+D7,-286.6563650550348,-62.90432310484164,0.21552513536449203
A1+B7+C10+D8,-286.6563650550348,-62.90432310484162,0.19114783207763714
A1+B7+C10+D9,-286.6563650550348,-62.90432310484158,0.1765740087798013
A1+B7+C10+D10,-286.6563650550348,-62.90432310484162,0.18971394098019426
A1+B8+C1+D1,-241.4160575462954,-81.93141094923925,0.08467956278793788
A1+B8+C1+D2,-241.41605754629526,-81.93141094923922,0.09317966845942575
A1+B8+C1+D3,-241.41605754629543,-81.93141094923922,0.10105793107863059
A1+B8+C1+D4,-241.41605754629532,-81.9314109492392,0.10007864573485589
A1+B8+C1+D5,-241.4160575462952,-81.93141094923922,0.09911290892107713
A1+B8+C1+D6,-241.4160575462954,-81.93141094923922,0.10133820272905093
A1+B8+C1+D7,-241.41605754629535,-81.93141094923925,0.11550817605414555
A1+B8+C1+D8,-241.41605754629535,-81.93141094923924,0.09113087276729051
A1+B8+C1+D9,-241.41605754629538,-81.9314109492392,0.07655704946945463
A1+B8+C1+D10,-241.41605754629538,-81.93141094923924,0.0896969816698478
A1+B8+C2+D1,-241.4160575462953,-81.93141094923915,0.08414458902608878
A1+B8+C2+D2,-241.41605754629515,-81.93141094923912,0.09264469469757636
A1+B8+C2+D3,-241.41605754629532,-81.93141094923912,0.1005229573167812
A1+B8+C2+D4,-241.4160575462952,-81.9314109492391,0.0995436719730065
A1+B8+C2+D5,-241.4160575462951,-81.93141094923912,0.09857793515922766
A1+B8+C2+D6,-241.4160575462953,-81.93141094923912,0.10080322896720167
A1+B8+C2+D7,-241.41605754629524,-81.93141094923915,0.11497320229229609
A1+B8+C2+D8,-241.41605754629524,-81.93141094923914,0.09059589900544114
A1+B8+C2+D9,-241.41605754629526,-81.9314109492391,0.07602207570760516
A1+B8+C2+D10,-241.41605754629526,-81.93141094923914,0.08916200790799818
A1+B8+C3+D1,-241.41605754629532,-81.93141094923917,0.08525464913724556
A1+B8+C3+D2,-241.41605754629518,-81.93141094923914,0.09375475480873323
A1+B8+C3+D3,-241.41605754629535,-81.93141094923914,0.10163301742793811
A1+B8+C3+D4,-241.41605754629524,-81.93141094923911,0.10065373208416323
A1+B8+C3+D5,-241.41605754629512,-81.93141094923914,0.09968799527038458
A1+B8+C3+D6,-241.41605754629532,-81.93141094923914,0.10191328907835841
A1+B8+C3+D7,-241.41605754629526,-81.93141094923917,0.1160832624034529
A1+B8+C3+D8,-241.41605754629526,-81.93141094923915,0.09170595911659808
A1+B8+C3+D9,-241.4160575462953,-81.93141094923911,0.07713213581876222
A1+B8+C3+D10,-241.4160575462953,-81.93141094923915,0.09027206801915497
A1+B8+C4+D1,-241.41605754629538,-81.93141094923924,0.08409968335485887
A1+B8+C4+D2,-241.41605754629524,-81.93141094923921,0.09259978902634675
A1+B8+C4+D3,-241.4160575462954,-81.93141094923921,0.10047805164555151
A1+B8+C4+D4,-241.4160575462953,-81.93141094923918,0.09949876630177676
A1+B8+C4+D5,-241.41605754629518,-81.93141094923921,0.09853302948799805
A1+B8+C4+D6,-241.41605754629538,-81.93141094923921,0.100758323295972
A1+B8+C4+D7,-241.41605754629532,-81.93141094923924,0.11492829662106636
A1+B8+C4+D8,-241.41605754629532,-81.93141094923922,0.0905509933342115
A1+B8+C4+D9,-241.41605754629535,-81.93141094923918,0.07597717003637561
A1+B8+C4+D10,-241.41605754629535,-81.93141094923922,0.0891171022367686
A1+B8+C5+D1,-241.41605754629526,-81.93141094923902,0.08461250018311503
A1+B8+C5+D2,-241.41605754629512,-81.931410949239,0.0931126058546027
A1+B8+C5+D3,-241.4160575462953,-81.931410949239,0.10099086847380762
A1+B8+C5+D4,-241.41605754629518,-81.93141094923897,0.10001158313003286
A1+B8+C5+D5,-241.41605754629506,-81.931410949239,0.09904584631625418
A1+B8+C5+D6,-241.41605754629526,-81.931410949239,0.10127114012422808
A1+B8+C5+D7,-241.4160575462952,-81.93141094923902,0.11544111344932245
A1+B8+C5+D8,-241.4160575462952,-81.93141094923901,0.09106381016246735
A1+B8+C5+D9,-241.41605754629524,-81.93141094923897,0.0764899868646315
A1+B8+C5+D10,-241.41605754629524,-81.93141094923901,0.0896299190650247
A1+B8+C6+D1,-241.41605754629543,-81.93141094923921,0.09975051909974249
A1+B8+C6+D2,-241.4160575462953,-81.93141094923918,0.10825062477123035
A1+B8+C6+D3,-241.41605754629546,-81.93141094923918,0.11612888739043524
A1+B8+C6+D4,-241.41605754629535,-81.93141094923915,0.11514960204666054
A1+B8+C6+D5,-241.41605754629524,-81.93141094923918,0.11418386523288175
A1+B8+C6+D6,-241.41605754629543,-81.93141094923918,0.11640915904085568
A1+B8+C6+D7,-241.41605754629538,-81.93141094923921,0.1305791323659502
A1+B8+C6+D8,-241.41605754629538,-81.9314109492392,0.10620182907909513
A1+B8+C6+D9,-241.4160575462954,-81.93141094923915,0.09162800578125922
A1+B8+C6+D10,-241.4160575462954,-81.9314109492392,0.10476793798165238
A1+B8+C7+D1,-241.41605754629518,-81.931410949239,0.08493025125839365
A1+B8+C7+D2,-241.41605754629504,-81.93141094923897,0.09343035692988141
A1+B8+C7+D3,-241.4160575462952,-81.93141094923897,0.1013086195490862
A1+B8+C7+D4,-241.4160575462951,-81.93141094923894,0.1003293342053115
A1+B8+C7+D5,-241.41605754629498,-81.93141094923897,0.09936359739153285
A1+B8+C7+D6,-241.41605754629518,-81.93141094923897,0.10158889119950662
A1+B8+C7+D7,-241.41605754629512,-81.931410949239,0.11575886452460117
A1+B8+C7+D8,-241.41605754629512,-81.93141094923898,0.09138156123774596
A1+B8+C7+D9,-241.41605754629515,-81.93141094923894,0.07680773793991022
A1+B8+C7+D10,-241.41605754629515,-81.93141094923898,0.08994767014030336
A1+B8+C8+D1,-241.41605754629538,-81.93141094923921,0.09396760714193345
A1+B8+C8+D2,-241.41605754629524,-81.93141094923918,0.10246771281342128
A1+B8+C8+D3,-241.4160575462954,-81.93141094923918,0.11034597543262614
A1+B8+C8+D4,-241.4160575462953,-81.93141094923915,0.10936669008885141
A1+B8+C8+D5,-241.41605754629518,-81.93141094923918,0.10840095327507279
A1+B8+C8+D6,-241.41605754629538,-81.93141094923918,0.11062624708304665
A1+B8+C8+D7,-241.41605754629532,-81.93141094923921,0.12479622040814102
A1+B8+C8+D8,-241.41605754629532,-81.9314109492392,0.10041891712128623
A1+B8+C8+D9,-241.41605754629535,-81.93141094923915,0.08584509382345017
A1+B8+C8+D10,-241.41605754629535,-81.9314109492392,0.09898502602384324
A1+B8+C9+D1,-241.41605754629538,-81.93141094923917,0.08835455375244897
A1+B8+C9+D2,-241.41605754629524,-81.93141094923914,0.09685465942393669
A1+B8+C9+D3,-241.4160575462954,-81.93141094923914,0.10473292204314144
A1+B8+C9+D4,-241.4160575462953,-81.93141094923911,0.10375363669936684
A1+B8+C9+D5,-241.41605754629518,-81.93141094923914,0.10278789988558805
A1+B8+C9+D6,-241.41605754629538,-81.93141094923914,0.10501319369356202
A1+B8+C9+D7,-241.41605754629532,-81.93141094923917,0.1191831670186563
A1+B8+C9+D8,-241.41605754629532,-81.93141094923915,0.09480586373180147
A1+B8+C9+D9,-241.41605754629535,-81.93141094923911,0.08023204043396538
A1+B8+C9+D10,-241.41605754629535,-81.93141094923915,0.09337197263435854
A1+B8+C10+D1,-241.4160575462952,-81.93141094923898,0.08140576601810666
A1+B8+C10+D2,-241.41605754629506,-81.93141094923895,0.08990587168959435
A1+B8+C10+D3,-241.41605754629524,-81.93141094923895,0.09778413430879924
A1+B8+C10+D4,-241.41605754629512,-81.93141094923892,0.09680484896502446
A1+B8+C10+D5,-241.416057546295,-81.93141094923895,0.09583911215124576
A1+B8+C10+D6,-241.4160575462952,-81.93141094923895,0.09806440595921963
A1+B8+C10+D7,-241.41605754629515,-81.93141094923898,0.112234379284314
A1+B8+C10+D8,-241.41605754629515,-81.93141094923897,0.08785707599745901
A1+B8+C10+D9,-241.41605754629518,-81.93141094923892,0.07328325269962306
A1+B8+C10+D10,-241.41605754629518,-81.93141094923897,0.0864231849000162
A1+B9+C1+D1,-119.49217825010807,-151.4419490161267,0.059493688133773544
A1+B9+C1+D2,-119.49217825010795,-151.4419490161267,0.06799379380526145
A1+B9+C1+D3,-119.49217825010807,-151.4419490161267,0.07587205642446619
A1+B9+C1+D4,-119.49217825010801,-151.44194901612667,0.07489277108069149
A1+B9+C1+D5,-119.49217825010791,-151.4419490161267,0.07392703426691288
A1+B9+C1+D6,-119.49217825010804,-151.44194901612673,0.07615232807488678
A1+B9+C1+D7,-119.49217825010801,-151.4419490161267,0.09032230139998114
A1+B9+C1+D8,-119.49217825010803,-151.4419490161267,0.06594499811312608
A1+B9+C1+D9,-119.49217825010801,-151.44194901612667,0.05137117481529025
A1+B9+C1+D10,-119.49217825010804,-151.44194901612673,0.06451110701568309
A1+B9+C2+D1,-119.492178250108,-151.4419490161266,0.0589587143719242
A1+B9+C2+D2,-119.49217825010788,-151.4419490161266,0.06745882004341199
A1+B9+C2+D3,-119.492178250108,-151.4419490161266,0.07533708266261685
A1+B9+C2+D4,-119.49217825010794,-151.44194901612659,0.07435779731884215
A1+B9+C2+D5,-119.49217825010784,-151.4419490161266,0.07339206050506339
A1+B9+C2+D6,-119.49217825010797,-151.44194901612664,0.0756173543130372
A1+B9+C2+D7,-119.49217825010794,-151.4419490161266,0.0897873276381317
A1+B9+C2+D8,-119.49217825010795,-151.4419490161266,0.06541002435127666
A1+B9+C2+D9,-119.49217825010794,-151.44194901612659,0.050836201053440826
A1+B9+C2+D10,-119.49217825010797,-151.44194901612664,0.06397613325383378
A1+B9+C3+D1,-119.49217825010801,-151.44194901612664,0.060068774483081136
A1+B9+C3+D2,-119.4921782501079,-151.44194901612664,0.06856888015456875
A1+B9+C3+D3,-119.49217825010801,-151.44194901612664,0.07644714277377375
A1+B9+C3+D4,-119.49217825010795,-151.4419490161266,0.07546785742999894
A1+B9+C3+D5,-119.49217825010786,-151.44194901612664,0.07450212061622008
A1+B9+C3+D6,-119.49217825010798,-151.44194901612667,0.07672741442419409
A1+B9+C3+D7,-119.49217825010795,-151.44194901612664,0.09089738774928849
A1+B9+C3+D8,-119.49217825010797,-151.44194901612664,0.0665200844624334
A1+B9+C3+D9,-119.49217825010795,-151.4419490161266,0.05194626116459767
A1+B9+C3+D10,-119.49217825010798,-151.44194901612667,0.0650861933649908
A1+B9+C4+D1,-119.49217825010803,-151.44194901612667,0.05891380870069459
A1+B9+C4+D2,-119.49217825010791,-151.44194901612667,0.0674139143721822
A1+B9+C4+D3,-119.49217825010803,-151.44194901612667,0.07529217699138693
A1+B9+C4+D4,-119.49217825010797,-151.44194901612664,0.07431289164761246
A1+B9+C4+D5,-119.49217825010787,-151.44194901612667,0.07334715483383365
A1+B9+C4+D6,-119.492178250108,-151.4419490161267,0.07557244864180757
A1+B9+C4+D7,-119.49217825010797,-151.44194901612667,0.08974242196690183
A1+B9+C4+D8,-119.49217825010798,-151.44194901612667,0.06536511868004687
A1+B9+C4+D9,-119.49217825010797,-151.44194901612664,0.050791295382211124
A1+B9+C4+D10,-119.492178250108,-151.4419490161267,0.06393122758260429
A1+B9+C5+D1,-119.49217825010788,-151.44194901612647,0.05942662552895053
A1+B9+C5+D2,-119.49217825010777,-151.44194901612647,0.06792673120043825
A1+B9+C5+D3,-119.49217825010788,-151.44194901612647,0.07580499381964309
A1+B9+C5+D4,-119.49217825010783,-151.44194901612644,0.07482570847586843
A1+B9+C5+D5,-119.49217825010773,-151.44194901612647,0.07385997166208973
A1+B9+C5+D6,-119.49217825010786,-151.4419490161265,0.07608526547006378
A1+B9+C5+D7,-119.49217825010783,-151.44194901612647,0.09025523879515801
A1+B9+C5+D8,-119.49217825010784,-151.44194901612647,0.06587793550830295
A1+B9+C5+D9,-119.49217825010783,-151.44194901612644,0.05130411221046734
A1+B9+C5+D10,-119.49217825010786,-151.4419490161265,0.06444404441086024
A1+B9+C6+D1,-119.49217825010805,-151.44194901612664,0.07456464444557827
A1+B9+C6+D2,-119.49217825010794,-151.44194901612664,0.08306475011706607
A1+B9+C6+D3,-119.49217825010805,-151.44194901612664,0.09094301273627091
A1+B9+C6+D4,-119.492178250108,-151.4419490161266,0.08996372739249621
A1+B9+C6+D5,-119.4921782501079,-151.44194901612664,0.08899799057871739
A1+B9+C6+D6,-119.49217825010803,-151.44194901612667,0.0912232843866913
A1+B9+C6+D7,-119.492178250108,-151.44194901612664,0.10539325771178566
A1+B9+C6+D8,-119.49217825010801,-151.44194901612664,0.08101595442493074
A1+B9+C6+D9,-119.492178250108,-151.4419490161266,0.06644213112709485
A1+B9+C6+D10,-119.49217825010803,-151.44194901612667,0.07958206332748799
A1+B9+C7+D1,-119.49217825010784,-151.4419490161265,0.059744376604229106
A1+B9+C7+D2,-119.49217825010773,-151.4419490161265,0.06824448227571692
A1+B9+C7+D3,-119.49217825010784,-151.4419490161265,0.07612274489492173
A1+B9+C7+D4,-119.49217825010778,-151.44194901612647,0.07514345955114712
A1+B9+C7+D5,-119.49217825010768,-151.4419490161265,0.07417772273736835
A1+B9+C7+D6,-119.49217825010781,-151.44194901612653,0.0764030165453422
A1+B9+C7+D7,-119.49217825010778,-151.4419490161265,0.09057298987043676
A1+B9+C7+D8,-119.4921782501078,-151.4419490161265,0.06619568658358162
A1+B9+C7+D9,-119.49217825010778,-151.44194901612647,0.05162186328574588
A1+B9+C7+D10,-119.49217825010781,-151.44194901612653,0.06476179548613878
A1+B9+C8+D1,-119.49217825010803,-151.4419490161266,0.06878173248776907
A1+B9+C8+D2,-119.49217825010791,-151.4419490161266,0.07728183815925689
A1+B9+C8+D3,-119.49217825010803,-151.4419490161266,0.08516010077846178
A1+B9+C8+D4,-119.49217825010797,-151.44194901612659,0.08418081543468708
A1+B9+C8+D5,-119.49217825010787,-151.4419490161266,0.08321507862090835
A1+B9+C8+D6,-119.492178250108,-151.44194901612664,0.08544037242888224
A1+B9+C8+D7,-119.49217825010797,-151.4419490161266,0.0996103457539767
A1+B9+C8+D8,-119.49217825010798,-151.4419490161266,0.07523304246712162
A1+B9+C8+D9,-119.49217825010797,-151.44194901612659,0.06065921916928576
A1+B9+C8+D10,-119.492178250108,-151.44194901612664,0.07379915136967886
A1+B9+C9+D1,-119.49217825010805,-151.44194901612664,0.06316867909828447
A1+B9+C9+D2,-119.49217825010794,-151.44194901612664,0.07166878476977213
A1+B9+C9+D3,-119.49217825010805,-151.44194901612664,0.07954704738897715
A1+B9+C9+D4,-119.492178250108,-151.4419490161266,0.0785677620452023
A1+B9+C9+D5,-119.4921782501079,-151.44194901612664,0.07760202523142357
A1+B9+C9+D6,-119.49217825010803,-151.44194901612667,0.07982731903939753
A1+B9+C9+D7,-119.492178250108,-151.44194901612664,0.09399729236449192
A1+B9+C9+D8,-119.49217825010801,-151.44194901612664,0.06961998907763689
A1+B9+C9+D9,-119.492178250108,-151.4419490161266,0.05504616577980109
A1+B9+C9+D10,-119.49217825010803,-151.44194901612667,0.06818609798019408
A1+B9+C10+D1,-119.4921782501079,-151.44194901612642,0.05621989136394225
A1+B9+C10+D2,-119.49217825010778,-151.44194901612642,0.06471999703543001
A1+B9+C10+D3,-119.4921782501079,-151.44194901612642,0.07259825965463466
A1+B9+C10+D4,-119.49217825010784,-151.4419490161264,0.07161897431086017
A1+B9+C10+D5,-119.49217825010774,-151.44194901612642,0.07065323749708154
A1+B9+C10+D6,-119.49217825010787,-151.44194901612644,0.07287853130505523
A1+B9+C10+D7,-119.49217825010784,-151.44194901612642,0.08704850463014964
A1+B9+C10+D8,-119.49217825010786,-151.44194901612642,0.06267120134329476
A1+B9+C10+D9,-119.49217825010784,-151.4419490161264,0.048097378045458765
A1+B9+C10+D10,-119.49217825010787,-151.44194901612644,0.061237310245851745
A1+B10+C1+D1,82.99006462424285,355.46714523259664,0.1183885746754881
A1+B10+C1+D2,82.99006462424296,355.46714523259664,0.12688868034697565
A1+B10+C1+D3,82.99006462424285,355.46714523259664,0.1347669429661806
A1+B10+C1+D4,82.9900646242429,355.4671452325967,0.13378765762240577
A1+B10+C1+D5,82.990064624243,355.4671452325967,0.1328219208086271
A1+B10+C1+D6,82.99006462424288,355.46714523259664,0.135047214616601
A1+B10+C1+D7,82.9900646242429,355.46714523259664,0.14921718794169528
A1+B10+C1+D8,82.99006462424289,355.46714523259664,0.12483988465484039
A1+B10+C1+D9,82.9900646242429,355.46714523259664,0.11026606135700477
A1+B10+C1+D10,82.99006462424288,355.46714523259664,0.12340599355739776
A1+B10+C2+D1,82.99006462424292,355.4671452325967,0.11785360091363845
A1+B10+C2+D2,82.99006462424303,355.4671452325967,0.12635370658512618
A1+B10+C2+D3,82.99006462424292,355.4671452325967,0.13423196920433125
A1+B10+C2+D4,82.99006462424298,355.46714523259675,0.13325268386055644
A1+B10+C2+D5,82.99006462424308,355.46714523259675,0.13228694704677765
A1+B10+C2+D6,82.99006462424295,355.4671452325967,0.13451224085475147
A1+B10+C2+D7,82.99006462424298,355.4671452325967,0.14868221417984598
A1+B10+C2+D8,82.99006462424296,355.4671452325967,0.12430491089299092
A1+B10+C2+D9,82.99006462424298,355.4671452325967,0.10973108759515501
A1+B10+C2+D10,82.99006462424295,355.4671452325967,0.122871019795548
A1+B10+C3+D1,82.9900646242429,355.4671452325967,0.11896366102479526
A1+B10+C3+D2,82.99006462424302,355.4671452325967,0.12746376669628307
A1+B10+C3+D3,82.9900646242429,355.4671452325967,0.13534202931548805
A1+B10+C3+D4,82.99006462424296,355.46714523259675,0.13436274397171322
A1+B10+C3+D5,82.99006462424306,355.46714523259675,0.13339700715793465
A1+B10+C3+D6,82.99006462424293,355.4671452325967,0.13562230096590847
A1+B10+C3+D7,82.99006462424296,355.4671452325967,0.14979227429100264
A1+B10+C3+D8,82.99006462424295,355.4671452325967,0.12541497100414783
A1+B10+C3+D9,82.99006462424296,355.4671452325967,0.11084114770631201
A1+B10+C3+D10,82.99006462424293,355.4671452325967,0.12398107990670502
A1+B10+C4+D1,82.99006462424289,355.4671452325967,0.11780869524240892
A1+B10+C4+D2,82.990064624243,355.4671452325967,0.1263088009138966
A1+B10+C4+D3,82.99006462424289,355.4671452325967,0.13418706353310142
A1+B10+C4+D4,82.99006462424295,355.46714523259675,0.1332077781893268
A1+B10+C4+D5,82.99006462424305,355.46714523259675,0.13224204137554796
A1+B10+C4+D6,82.99006462424292,355.4671452325967,0.13446733518352183
A1+B10+C4+D7,82.99006462424295,355.4671452325967,0.14863730850861626
A1+B10+C4+D8,82.99006462424293,355.4671452325967,0.12426000522176137
A1+B10+C4+D9,82.99006462424295,355.4671452325967,0.10968618192392554
A1+B10+C4+D10,82.99006462424292,355.4671452325967,0.12282611412431844
A1+B10+C5+D1,82.99006462424303,355.4671452325968,0.11832151207066507
A1+B10+C5+D2,82.99006462424315,355.4671452325968,0.12682161774215264
A1+B10+C5+D3,82.99006462424303,355.4671452325968,0.13469988036135735
A1+B10+C5+D4,82.99006462424309,355.46714523259686,0.13372059501758282
A1+B10+C5+D5,82.99006462424319,355.46714523259686,0.1327548582038041
A1+B10+C5+D6,82.99006462424306,355.4671452325968,0.1349801520117779
A1+B10+C5+D7,82.99006462424309,355.4671452325968,0.14915012533687225
A1+B10+C5+D8,82.99006462424308,355.4671452325968,0.12477282205001741
A1+B10+C5+D9,82.99006462424309,355.4671452325968,0.11019899875218143
A1+B10+C5+D10,82.99006462424306,355.4671452325968,0.12333893095257457
A1+B10+C6+D1,82.99006462424286,355.46714523259664,0.13345953098729268
A1+B10+C6+D2,82.99006462424298,355.46714523259664,0.14195963665878042
A1+B10+C6+D3,82.99006462424286,355.46714523259664,0.1498378992779852
A1+B10+C6+D4,82.99006462424292,355.4671452325967,0.1488586139342106
A1+B10+C6+D5,82.99006462424302,355.4671452325967,0.14789287712043167
A1+B10+C6+D6,82.99006462424289,355.46714523259664,0.15011817092840576
A1+B10+C6+D7,82.99006462424292,355.46714523259664,0.16428814425350002
A1+B10+C6+D8,82.9900646242429,355.46714523259664,0.13991084096664508
A1+B10+C6+D9,82.99006462424292,355.46714523259664,0.12533701766880928
A1+B10+C6+D10,82.99006462424289,355.46714523259664,0.13847694986920242
A1+B10+C7+D1,82.99006462424308,355.46714523259686,0.11863926314594356
A1+B10+C7+D2,82.99006462424319,355.46714523259686,0.12713936881743126
A1+B10+C7+D3,82.99006462424308,355.46714523259686,0.13501763143663598
A1+B10+C7+D4,82.99006462424313,355.4671452325969,0.13403834609286142
A1+B10+C7+D5,82.99006462424323,355.4671452325969,0.1330726092790826
A1+B10+C7+D6,82.9900646242431,355.46714523259686,0.13529790308705672
A1+B10+C7+D7,82.99006462424313,355.46714523259686,0.14946787641215106
A1+B10+C7+D8,82.99006462424312,355.46714523259686,0.12509057312529606
A1+B10+C7+D9,82.99006462424313,355.46714523259686,0.1105167498274601
A1+B10+C7+D10,82.9900646242431,355.46714523259686,0.12365668202785322
A1+B10+C8+D1,82.99006462424289,355.4671452325967,0.12767661902948363
A1+B10+C8+D2,82.990064624243,355.4671452325967,0.13617672470097128
A1+B10+C8+D3,82.99006462424289,355.4671452325967,0.1440549873201761
A1+B10+C8+D4,82.99006462424295,355.46714523259675,0.1430757019764014
A1+B10+C8+D5,82.99006462424305,355.46714523259675,0.14210996516262261
A1+B10+C8+D6,82.99006462424292,355.4671452325967,0.14433525897059651
A1+B10+C8+D7,82.99006462424295,355.4671452325967,0.15850523229569097
A1+B10+C8+D8,82.99006462424293,355.4671452325967,0.13412792900883613
A1+B10+C8+D9,82.99006462424295,355.4671452325967,0.11955410571100006
A1+B10+C8+D10,82.99006462424292,355.4671452325967,0.13269403791139311
A1+B10+C9+D1,82.99006462424286,355.4671452325967,0.1220635656399989
A1+B10+C9+D2,82.99006462424298,355.4671452325967,0.13056367131148652
A1+B10+C9+D3,82.99006462424286,355.4671452325967,0.13844193393069132
A1+B10+C9+D4,82.99006462424292,355.46714523259675,0.13746264858691667
A1+B10+C9+D5,82.99006462424302,355.46714523259675,0.1364969117731381
A1+B10+C9+D6,82.99006462424289,355.4671452325967,0.13872220558111192
A1+B10+C9+D7,82.99006462424292,355.4671452325967,0.15289217890620638
A1+B10+C9+D8,82.9900646242429,355.4671452325967,0.12851487561935107
A1+B10+C9+D9,82.99006462424292,355.4671452325967,0.1139410523215154
A1+B10+C9+D10,82.99006462424289,355.4671452325967,0.1270809845219085
A1+B10+C10+D1,82.99006462424302,355.46714523259686,0.11511477790565647
A1+B10+C10+D2,82.99006462424313,355.46714523259686,0.1236148835771441
A1+B10+C10+D3,82.99006462424302,355.46714523259686,0.13149314619634905
A1+B10+C10+D4,82.99006462424308,355.4671452325969,0.13051386085257433
A1+B10+C10+D5,82.99006462424317,355.4671452325969,0.12954812403879562
A1+B10+C10+D6,82.99006462424305,355.46714523259686,0.13177341784676944
A1+B10+C10+D7,82.99006462424308,355.46714523259686,0.14594339117186408
A1+B10+C10+D8,82.99006462424306,355.46714523259686,0.12156608788500918
A1+B10+C10+D9,82.99006462424308,355.46714523259686,0.10699226458717312
A1+B10+C10+D10,82.99006462424305,355.46714523259686,0.1201321967875661
